user_id,item_id,interaction
1,13,1
1,61,1
1,74,1
1,2,1
1,53,1
1,73,1
1,100,1
1,46,1
1,25,1
1,45,1
1,44,1
1,31,1
1,81,1
1,79,1
1,69,1
1,14,1
1,35,1
1,11,1
1,76,1
1,49,1
2,61,1
2,40,1
2,62,1
2,7,1
2,90,1
2,76,1
2,6,1
2,13,1
2,24,1
2,96,1
2,42,1
2,18,1
2,75,1
2,70,1
2,71,1
2,41,1
2,10,1
2,74,1
2,27,1
2,59,1
3,5,1
3,56,1
3,8,1
3,30,1
3,58,1
3,60,1
3,96,1
3,93,1
3,73,1
3,14,1
3,1,1
3,87,1
3,74,1
3,21,1
3,17,1
3,90,1
3,52,1
3,69,1
3,41,1
3,65,1
4,60,1
4,9,1
4,41,1
4,70,1
4,57,1
4,79,1
4,58,1
4,78,1
4,20,1
4,15,1
4,98,1
4,24,1
4,30,1
4,47,1
4,77,1
4,71,1
4,46,1
4,21,1
4,82,1
4,33,1
5,40,1
5,76,1
5,70,1
5,15,1
5,88,1
5,1,1
5,27,1
5,13,1
5,33,1
5,20,1
5,59,1
5,68,1
5,29,1
5,54,1
5,16,1
5,45,1
5,6,1
5,78,1
5,85,1
5,97,1
6,87,1
6,14,1
6,91,1
6,68,1
6,75,1
6,20,1
6,88,1
6,80,1
6,78,1
6,54,1
6,38,1
6,47,1
6,86,1
6,79,1
6,73,1
6,15,1
6,82,1
6,10,1
6,18,1
6,49,1
7,26,1
7,64,1
7,27,1
7,33,1
7,91,1
7,17,1
7,46,1
7,22,1
7,32,1
7,75,1
7,71,1
7,55,1
7,21,1
7,41,1
7,11,1
7,89,1
7,3,1
7,49,1
7,83,1
7,24,1
8,69,1
8,60,1
8,89,1
8,2,1
8,94,1
8,91,1
8,64,1
8,78,1
8,47,1
8,41,1
8,17,1
8,70,1
8,24,1
8,80,1
8,55,1
8,54,1
8,32,1
8,68,1
8,61,1
8,81,1
9,71,1
9,18,1
9,99,1
9,61,1
9,80,1
9,36,1
9,20,1
9,62,1
9,66,1
9,94,1
9,58,1
9,34,1
9,9,1
9,7,1
9,91,1
9,6,1
9,69,1
9,27,1
9,64,1
9,100,1
10,49,1
10,41,1
10,15,1
10,3,1
10,81,1
10,6,1
10,84,1
10,43,1
10,18,1
10,5,1
10,39,1
10,87,1
10,32,1
10,9,1
10,51,1
10,46,1
10,56,1
10,57,1
10,31,1
10,14,1
11,32,1
11,18,1
11,95,1
11,92,1
11,99,1
11,50,1
11,80,1
11,82,1
11,85,1
11,76,1
11,70,1
11,8,1
11,42,1
11,45,1
11,83,1
11,44,1
11,72,1
11,90,1
11,91,1
11,58,1
12,68,1
12,80,1
12,45,1
12,36,1
12,57,1
12,30,1
12,89,1
12,51,1
12,82,1
12,97,1
12,1,1
12,23,1
12,54,1
12,42,1
12,64,1
12,48,1
12,90,1
12,14,1
12,60,1
12,15,1
13,97,1
13,79,1
13,23,1
13,10,1
13,7,1
13,71,1
13,76,1
13,53,1
13,85,1
13,89,1
13,50,1
13,51,1
13,46,1
13,37,1
13,32,1
13,17,1
13,38,1
13,14,1
13,30,1
13,6,1
14,34,1
14,85,1
14,53,1
14,26,1
14,30,1
14,96,1
14,94,1
14,38,1
14,51,1
14,89,1
14,52,1
14,16,1
14,10,1
14,33,1
14,23,1
14,5,1
14,83,1
14,28,1
14,29,1
14,66,1
15,33,1
15,69,1
15,41,1
15,8,1
15,88,1
15,30,1
15,97,1
15,38,1
15,70,1
15,42,1
15,84,1
15,60,1
15,61,1
15,3,1
15,99,1
15,57,1
15,37,1
15,5,1
15,83,1
15,1,1
16,85,1
16,16,1
16,84,1
16,60,1
16,67,1
16,96,1
16,22,1
16,25,1
16,76,1
16,29,1
16,15,1
16,36,1
16,97,1
16,13,1
16,89,1
16,47,1
16,59,1
16,75,1
16,27,1
16,18,1
17,92,1
17,19,1
17,29,1
17,1,1
17,32,1
17,93,1
17,56,1
17,21,1
17,86,1
17,77,1
17,17,1
17,27,1
17,97,1
17,75,1
17,94,1
17,12,1
17,3,1
17,78,1
17,90,1
17,26,1
18,87,1
18,1,1
18,22,1
18,53,1
18,64,1
18,24,1
18,42,1
18,27,1
18,49,1
18,19,1
18,71,1
18,15,1
18,46,1
18,90,1
18,98,1
18,74,1
18,63,1
18,48,1
18,39,1
18,28,1
19,19,1
19,48,1
19,93,1
19,52,1
19,26,1
19,14,1
19,10,1
19,80,1
19,20,1
19,41,1
19,65,1
19,40,1
19,77,1
19,96,1
19,6,1
19,37,1
19,86,1
19,29,1
19,51,1
19,78,1
20,41,1
20,83,1
20,40,1
20,61,1
20,75,1
20,49,1
20,86,1
20,19,1
20,25,1
20,16,1
20,96,1
20,26,1
20,43,1
20,59,1
20,1,1
20,65,1
20,68,1
20,70,1
20,54,1
20,21,1
21,86,1
21,20,1
21,37,1
21,25,1
21,57,1
21,32,1
21,93,1
21,42,1
21,85,1
21,11,1
21,62,1
21,69,1
21,5,1
21,22,1
21,73,1
21,59,1
21,27,1
21,9,1
21,36,1
21,49,1
22,19,1
22,15,1
22,59,1
22,29,1
22,50,1
22,92,1
22,77,1
22,49,1
22,1,1
22,25,1
22,46,1
22,42,1
22,3,1
22,13,1
22,67,1
22,51,1
22,55,1
22,33,1
22,28,1
22,91,1
23,94,1
23,47,1
23,70,1
23,98,1
23,20,1
23,19,1
23,60,1
23,78,1
23,25,1
23,41,1
23,99,1
23,52,1
23,32,1
23,65,1
23,59,1
23,27,1
23,93,1
23,23,1
23,71,1
23,90,1
24,52,1
24,67,1
24,13,1
24,90,1
24,50,1
24,27,1
24,6,1
24,73,1
24,65,1
24,5,1
24,46,1
24,78,1
24,57,1
24,87,1
24,77,1
24,99,1
24,18,1
24,61,1
24,9,1
24,54,1
25,4,1
25,33,1
25,53,1
25,56,1
25,16,1
25,93,1
25,12,1
25,18,1
25,55,1
25,73,1
25,58,1
25,51,1
25,85,1
25,75,1
25,90,1
25,66,1
25,46,1
25,37,1
25,5,1
25,59,1
26,93,1
26,86,1
26,54,1
26,19,1
26,52,1
26,28,1
26,47,1
26,5,1
26,94,1
26,50,1
26,22,1
26,31,1
26,66,1
26,36,1
26,90,1
26,56,1
26,4,1
26,81,1
26,37,1
26,98,1
27,3,1
27,89,1
27,85,1
27,81,1
27,5,1
27,24,1
27,41,1
27,33,1
27,46,1
27,91,1
27,93,1
27,57,1
27,21,1
27,14,1
27,86,1
27,26,1
27,74,1
27,94,1
27,29,1
27,53,1
28,61,1
28,88,1
28,28,1
28,76,1
28,92,1
28,80,1
28,33,1
28,55,1
28,6,1
28,48,1
28,74,1
28,85,1
28,3,1
28,54,1
28,5,1
28,58,1
28,65,1
28,97,1
28,9,1
28,36,1
29,80,1
29,9,1
29,52,1
29,33,1
29,66,1
29,58,1
29,11,1
29,56,1
29,75,1
29,8,1
29,39,1
29,17,1
29,29,1
29,83,1
29,74,1
29,14,1
29,18,1
29,100,1
29,20,1
29,98,1
30,89,1
30,68,1
30,93,1
30,82,1
30,11,1
30,90,1
30,9,1
30,21,1
30,37,1
30,24,1
30,52,1
30,34,1
30,29,1
30,28,1
30,1,1
30,94,1
30,73,1
30,35,1
30,14,1
30,22,1
31,7,1
31,94,1
31,8,1
31,28,1
31,93,1
31,58,1
31,18,1
31,31,1
31,30,1
31,91,1
31,33,1
31,57,1
31,6,1
31,68,1
31,96,1
31,1,1
31,53,1
31,92,1
31,79,1
31,56,1
32,100,1
32,40,1
32,67,1
32,2,1
32,26,1
32,23,1
32,41,1
32,70,1
32,12,1
32,77,1
32,98,1
32,86,1
32,5,1
32,91,1
32,7,1
32,88,1
32,18,1
32,87,1
32,92,1
32,21,1
33,56,1
33,10,1
33,97,1
33,85,1
33,20,1
33,36,1
33,34,1
33,31,1
33,89,1
33,42,1
33,88,1
33,55,1
33,46,1
33,47,1
33,45,1
33,53,1
33,4,1
33,5,1
33,18,1
33,44,1
34,36,1
34,27,1
34,25,1
34,81,1
34,4,1
34,62,1
34,29,1
34,71,1
34,70,1
34,41,1
34,28,1
34,26,1
34,90,1
34,40,1
34,33,1
34,2,1
34,69,1
34,18,1
34,79,1
34,74,1
35,34,1
35,16,1
35,37,1
35,57,1
35,43,1
35,21,1
35,95,1
35,92,1
35,12,1
35,83,1
35,78,1
35,33,1
35,32,1
35,44,1
35,93,1
35,74,1
35,62,1
35,98,1
35,56,1
35,88,1
36,72,1
36,61,1
36,25,1
36,79,1
36,43,1
36,89,1
36,30,1
36,26,1
36,100,1
36,97,1
36,39,1
36,11,1
36,76,1
36,48,1
36,77,1
36,90,1
36,15,1
36,67,1
36,53,1
36,50,1
37,80,1
37,43,1
37,4,1
37,37,1
37,7,1
37,94,1
37,31,1
37,97,1
37,68,1
37,81,1
37,88,1
37,86,1
37,5,1
37,29,1
37,17,1
37,27,1
37,99,1
37,12,1
37,38,1
37,72,1
38,12,1
38,25,1
38,15,1
38,69,1
38,54,1
38,65,1
38,68,1
38,64,1
38,18,1
38,89,1
38,91,1
38,30,1
38,28,1
38,79,1
38,96,1
38,61,1
38,56,1
38,99,1
38,95,1
38,57,1
39,79,1
39,30,1
39,39,1
39,93,1
39,99,1
39,100,1
39,69,1
39,80,1
39,56,1
39,4,1
39,59,1
39,9,1
39,81,1
39,50,1
39,48,1
39,24,1
39,35,1
39,61,1
39,45,1
39,85,1
40,87,1
40,44,1
40,83,1
40,46,1
40,94,1
40,17,1
40,53,1
40,27,1
40,56,1
40,32,1
40,57,1
40,60,1
40,51,1
40,19,1
40,95,1
40,45,1
40,59,1
40,29,1
40,37,1
40,52,1
41,87,1
41,48,1
41,19,1
41,97,1
41,20,1
41,26,1
41,59,1
41,23,1
41,37,1
41,40,1
41,51,1
41,58,1
41,89,1
41,93,1
41,47,1
41,56,1
41,22,1
41,64,1
41,6,1
41,10,1
42,27,1
42,44,1
42,66,1
42,61,1
42,1,1
42,33,1
42,70,1
42,45,1
42,10,1
42,87,1
42,63,1
42,96,1
42,46,1
42,75,1
42,50,1
42,54,1
42,26,1
42,7,1
42,36,1
42,6,1
43,9,1
43,56,1
43,4,1
43,37,1
43,72,1
43,22,1
43,5,1
43,40,1
43,35,1
43,17,1
43,7,1
43,67,1
43,21,1
43,41,1
43,14,1
43,59,1
43,92,1
43,83,1
43,11,1
43,68,1
44,68,1
44,55,1
44,91,1
44,39,1
44,26,1
44,3,1
44,62,1
44,4,1
44,18,1
44,24,1
44,85,1
44,59,1
44,51,1
44,16,1
44,58,1
44,93,1
44,47,1
44,17,1
44,95,1
44,1,1
45,72,1
45,26,1
45,11,1
45,79,1
45,100,1
45,84,1
45,22,1
45,15,1
45,5,1
45,64,1
45,7,1
45,45,1
45,73,1
45,19,1
45,59,1
45,52,1
45,6,1
45,1,1
45,13,1
45,32,1
46,97,1
46,43,1
46,99,1
46,64,1
46,49,1
46,65,1
46,30,1
46,16,1
46,50,1
46,23,1
46,19,1
46,56,1
46,31,1
46,29,1
46,44,1
46,36,1
46,94,1
46,37,1
46,92,1
46,1,1
47,23,1
47,38,1
47,71,1
47,93,1
47,65,1
47,81,1
47,32,1
47,33,1
47,22,1
47,3,1
47,76,1
47,87,1
47,86,1
47,5,1
47,80,1
47,21,1
47,95,1
47,19,1
47,8,1
47,48,1
48,23,1
48,76,1
48,84,1
48,68,1
48,45,1
48,51,1
48,25,1
48,41,1
48,30,1
48,38,1
48,9,1
48,43,1
48,58,1
48,50,1
48,53,1
48,49,1
48,80,1
48,79,1
48,28,1
48,92,1
49,6,1
49,65,1
49,33,1
49,78,1
49,21,1
49,67,1
49,75,1
49,41,1
49,92,1
49,17,1
49,22,1
49,14,1
49,94,1
49,51,1
49,12,1
49,55,1
49,71,1
49,43,1
49,15,1
49,31,1
50,71,1
50,86,1
50,100,1
50,9,1
50,24,1
50,31,1
50,93,1
50,61,1
50,91,1
50,46,1
50,88,1
50,11,1
50,63,1
50,74,1
50,20,1
50,5,1
50,50,1
50,19,1
50,53,1
50,7,1
51,26,1
51,93,1
51,79,1
51,99,1
51,65,1
51,43,1
51,58,1
51,34,1
51,13,1
51,18,1
51,30,1
51,83,1
51,24,1
51,61,1
51,96,1
51,81,1
51,6,1
51,85,1
51,69,1
51,100,1
52,41,1
52,19,1
52,88,1
52,39,1
52,60,1
52,67,1
52,6,1
52,33,1
52,70,1
52,66,1
52,22,1
52,8,1
52,1,1
52,76,1
52,16,1
52,79,1
52,65,1
52,85,1
52,55,1
52,51,1
53,83,1
53,53,1
53,50,1
53,9,1
53,35,1
53,54,1
53,78,1
53,46,1
53,93,1
53,55,1
53,41,1
53,20,1
53,34,1
53,68,1
53,38,1
53,11,1
53,6,1
53,59,1
53,2,1
53,15,1
54,12,1
54,62,1
54,79,1
54,97,1
54,57,1
54,61,1
54,71,1
54,38,1
54,49,1
54,73,1
54,58,1
54,21,1
54,3,1
54,1,1
54,81,1
54,32,1
54,41,1
54,82,1
54,26,1
54,95,1
55,92,1
55,67,1
55,44,1
55,96,1
55,14,1
55,6,1
55,49,1
55,23,1
55,24,1
55,85,1
55,64,1
55,86,1
55,70,1
55,84,1
55,7,1
55,41,1
55,32,1
55,11,1
55,46,1
55,10,1
56,60,1
56,7,1
56,52,1
56,22,1
56,69,1
56,88,1
56,5,1
56,12,1
56,48,1
56,43,1
56,6,1
56,11,1
56,29,1
56,44,1
56,100,1
56,97,1
56,91,1
56,64,1
56,81,1
56,50,1
57,72,1
57,80,1
57,76,1
57,85,1
57,63,1
57,67,1
57,65,1
57,97,1
57,57,1
57,39,1
57,11,1
57,98,1
57,9,1
57,74,1
57,26,1
57,83,1
57,15,1
57,86,1
57,92,1
57,12,1
58,74,1
58,35,1
58,45,1
58,49,1
58,15,1
58,43,1
58,8,1
58,93,1
58,77,1
58,73,1
58,81,1
58,56,1
58,83,1
58,79,1
58,27,1
58,80,1
58,19,1
58,55,1
58,25,1
58,75,1
59,75,1
59,55,1
59,22,1
59,17,1
59,79,1
59,21,1
59,81,1
59,70,1
59,36,1
59,72,1
59,26,1
59,20,1
59,7,1
59,16,1
59,24,1
59,41,1
59,10,1
59,65,1
59,82,1
59,56,1
60,9,1
60,63,1
60,22,1
60,13,1
60,61,1
60,45,1
60,94,1
60,38,1
60,99,1
60,1,1
60,29,1
60,40,1
60,64,1
60,50,1
60,35,1
60,62,1
60,58,1
60,8,1
60,54,1
60,23,1
61,4,1
61,40,1
61,32,1
61,46,1
61,1,1
61,24,1
61,79,1
61,25,1
61,48,1
61,59,1
61,68,1
61,55,1
61,51,1
61,41,1
61,70,1
61,13,1
61,11,1
61,62,1
61,58,1
61,49,1
62,68,1
62,97,1
62,41,1
62,26,1
62,36,1
62,18,1
62,27,1
62,32,1
62,48,1
62,39,1
62,6,1
62,13,1
62,14,1
62,90,1
62,61,1
62,92,1
62,29,1
62,23,1
62,67,1
62,35,1
63,68,1
63,19,1
63,37,1
63,35,1
63,99,1
63,91,1
63,52,1
63,14,1
63,3,1
63,48,1
63,98,1
63,43,1
63,6,1
63,92,1
63,67,1
63,95,1
63,97,1
63,66,1
63,64,1
63,45,1
64,29,1
64,24,1
64,54,1
64,42,1
64,99,1
64,52,1
64,6,1
64,74,1
64,3,1
64,73,1
64,69,1
64,48,1
64,27,1
64,33,1
64,49,1
64,46,1
64,61,1
64,93,1
64,91,1
64,20,1
65,22,1
65,97,1
65,53,1
65,2,1
65,32,1
65,33,1
65,6,1
65,46,1
65,90,1
65,77,1
65,85,1
65,69,1
65,82,1
65,36,1
65,4,1
65,44,1
65,87,1
65,39,1
65,42,1
65,68,1
66,26,1
66,38,1
66,95,1
66,10,1
66,31,1
66,71,1
66,88,1
66,67,1
66,27,1
66,29,1
66,100,1
66,64,1
66,97,1
66,19,1
66,80,1
66,2,1
66,60,1
66,75,1
66,5,1
66,83,1
67,83,1
67,81,1
67,52,1
67,29,1
67,5,1
67,34,1
67,32,1
67,82,1
67,19,1
67,36,1
67,60,1
67,89,1
67,95,1
67,99,1
67,17,1
67,48,1
67,56,1
67,25,1
67,97,1
67,7,1
68,58,1
68,73,1
68,33,1
68,68,1
68,24,1
68,66,1
68,99,1
68,94,1
68,96,1
68,37,1
68,92,1
68,63,1
68,36,1
68,23,1
68,79,1
68,72,1
68,13,1
68,50,1
68,81,1
68,38,1
69,96,1
69,2,1
69,47,1
69,58,1
69,13,1
69,34,1
69,82,1
69,49,1
69,77,1
69,28,1
69,15,1
69,6,1
69,7,1
69,100,1
69,37,1
69,8,1
69,85,1
69,76,1
69,11,1
69,93,1
70,85,1
70,34,1
70,37,1
70,76,1
70,57,1
70,25,1
70,30,1
70,77,1
70,14,1
70,11,1
70,42,1
70,51,1
70,90,1
70,2,1
70,22,1
70,74,1
70,41,1
70,56,1
70,31,1
70,69,1
71,34,1
71,72,1
71,97,1
71,35,1
71,21,1
71,99,1
71,47,1
71,92,1
71,61,1
71,95,1
71,26,1
71,7,1
71,74,1
71,8,1
71,94,1
71,91,1
71,51,1
71,45,1
71,13,1
71,29,1
72,51,1
72,19,1
72,84,1
72,73,1
72,26,1
72,74,1
72,43,1
72,71,1
72,27,1
72,22,1
72,9,1
72,59,1
72,5,1
72,99,1
72,35,1
72,21,1
72,34,1
72,2,1
72,79,1
72,13,1
73,73,1
73,30,1
73,66,1
73,69,1
73,14,1
73,89,1
73,34,1
73,17,1
73,7,1
73,98,1
73,96,1
73,71,1
73,48,1
73,51,1
73,55,1
73,49,1
73,87,1
73,40,1
73,61,1
73,72,1
74,48,1
74,35,1
74,90,1
74,76,1
74,18,1
74,52,1
74,65,1
74,12,1
74,75,1
74,46,1
74,37,1
74,91,1
74,1,1
74,74,1
74,69,1
74,85,1
74,99,1
74,26,1
74,78,1
74,88,1
75,1,1
75,12,1
75,87,1
75,78,1
75,42,1
75,5,1
75,39,1
75,52,1
75,51,1
75,86,1
75,68,1
75,66,1
75,79,1
75,37,1
75,9,1
75,43,1
75,67,1
75,100,1
75,40,1
75,91,1
76,86,1
76,68,1
76,98,1
76,67,1
76,88,1
76,74,1
76,42,1
76,45,1
76,50,1
76,57,1
76,15,1
76,93,1
76,44,1
76,65,1
76,34,1
76,79,1
76,56,1
76,1,1
76,81,1
76,100,1
77,87,1
77,83,1
77,7,1
77,56,1
77,48,1
77,11,1
77,77,1
77,55,1
77,90,1
77,59,1
77,34,1
77,78,1
77,79,1
77,17,1
77,38,1
77,44,1
77,70,1
77,58,1
77,20,1
77,98,1
78,36,1
78,34,1
78,38,1
78,83,1
78,82,1
78,30,1
78,74,1
78,46,1
78,88,1
78,99,1
78,7,1
78,63,1
78,37,1
78,84,1
78,22,1
78,16,1
78,75,1
78,50,1
78,17,1
78,25,1
79,63,1
79,17,1
79,38,1
79,65,1
79,1,1
79,44,1
79,69,1
79,70,1
79,12,1
79,56,1
79,55,1
79,14,1
79,49,1
79,9,1
79,3,1
79,81,1
79,4,1
79,59,1
79,36,1
79,37,1
80,63,1
80,89,1
80,12,1
80,20,1
80,38,1
80,83,1
80,29,1
80,92,1
80,4,1
80,22,1
80,56,1
80,11,1
80,24,1
80,51,1
80,79,1
80,61,1
80,54,1
80,57,1
80,50,1
80,16,1
81,42,1
81,45,1
81,17,1
81,30,1
81,25,1
81,71,1
81,76,1
81,33,1
81,53,1
81,64,1
81,7,1
81,22,1
81,89,1
81,57,1
81,77,1
81,36,1
81,58,1
81,21,1
81,5,1
81,8,1
82,60,1
82,36,1
82,44,1
82,55,1
82,85,1
82,72,1
82,53,1
82,91,1
82,62,1
82,38,1
82,66,1
82,12,1
82,87,1
82,92,1
82,28,1
82,7,1
82,68,1
82,67,1
82,23,1
82,83,1
83,76,1
83,20,1
83,90,1
83,69,1
83,28,1
83,82,1
83,31,1
83,34,1
83,61,1
83,19,1
83,50,1
83,27,1
83,78,1
83,16,1
83,95,1
83,32,1
83,77,1
83,67,1
83,87,1
83,47,1
84,27,1
84,20,1
84,93,1
84,1,1
84,17,1
84,88,1
84,2,1
84,62,1
84,10,1
84,37,1
84,92,1
84,25,1
84,72,1
84,86,1
84,47,1
84,49,1
84,41,1
84,40,1
84,26,1
84,85,1
85,71,1
85,83,1
85,30,1
85,61,1
85,11,1
85,2,1
85,10,1
85,13,1
85,36,1
85,94,1
85,97,1
85,31,1
85,8,1
85,99,1
85,1,1
85,21,1
85,43,1
85,88,1
85,33,1
85,54,1
86,44,1
86,1,1
86,22,1
86,39,1
86,23,1
86,35,1
86,85,1
86,84,1
86,12,1
86,70,1
86,26,1
86,11,1
86,65,1
86,78,1
86,68,1
86,24,1
86,34,1
86,6,1
86,50,1
86,41,1
87,66,1
87,88,1
87,50,1
87,25,1
87,58,1
87,29,1
87,51,1
87,10,1
87,80,1
87,19,1
87,90,1
87,22,1
87,77,1
87,13,1
87,1,1
87,89,1
87,70,1
87,26,1
87,63,1
87,69,1
88,63,1
88,81,1
88,61,1
88,21,1
88,68,1
88,84,1
88,55,1
88,39,1
88,65,1
88,72,1
88,42,1
88,15,1
88,90,1
88,67,1
88,96,1
88,50,1
88,58,1
88,36,1
88,98,1
88,11,1
89,68,1
89,19,1
89,38,1
89,7,1
89,55,1
89,24,1
89,82,1
89,45,1
89,1,1
89,28,1
89,89,1
89,40,1
89,73,1
89,9,1
89,47,1
89,97,1
89,17,1
89,29,1
89,70,1
89,48,1
90,63,1
90,20,1
90,36,1
90,29,1
90,97,1
90,100,1
90,83,1
90,55,1
90,46,1
90,11,1
90,6,1
90,84,1
90,52,1
90,23,1
90,69,1
90,12,1
90,77,1
90,48,1
90,73,1
90,88,1
91,82,1
91,79,1
91,94,1
91,51,1
91,52,1
91,64,1
91,13,1
91,67,1
91,71,1
91,93,1
91,42,1
91,22,1
91,63,1
91,27,1
91,85,1
91,16,1
91,36,1
91,44,1
91,87,1
91,29,1
92,3,1
92,100,1
92,65,1
92,57,1
92,4,1
92,91,1
92,60,1
92,29,1
92,55,1
92,26,1
92,33,1
92,30,1
92,80,1
92,67,1
92,92,1
92,1,1
92,88,1
92,59,1
92,82,1
92,19,1
93,52,1
93,76,1
93,97,1
93,69,1
93,59,1
93,22,1
93,14,1
93,72,1
93,61,1
93,31,1
93,36,1
93,45,1
93,98,1
93,81,1
93,95,1
93,20,1
93,43,1
93,6,1
93,37,1
93,51,1
94,66,1
94,90,1
94,67,1
94,96,1
94,19,1
94,15,1
94,77,1
94,37,1
94,74,1
94,76,1
94,36,1
94,91,1
94,71,1
94,69,1
94,60,1
94,53,1
94,31,1
94,94,1
94,13,1
94,81,1
95,86,1
95,100,1
95,93,1
95,30,1
95,5,1
95,49,1
95,71,1
95,80,1
95,6,1
95,84,1
95,40,1
95,47,1
95,14,1
95,96,1
95,92,1
95,17,1
95,81,1
95,15,1
95,48,1
95,54,1
96,21,1
96,15,1
96,61,1
96,84,1
96,95,1
96,86,1
96,67,1
96,78,1
96,39,1
96,4,1
96,48,1
96,90,1
96,8,1
96,99,1
96,31,1
96,56,1
96,96,1
96,25,1
96,3,1
96,26,1
97,44,1
97,97,1
97,9,1
97,3,1
97,51,1
97,50,1
97,36,1
97,39,1
97,23,1
97,31,1
97,10,1
97,14,1
97,42,1
97,56,1
97,87,1
97,70,1
97,35,1
97,47,1
97,72,1
97,2,1
98,32,1
98,10,1
98,3,1
98,5,1
98,79,1
98,33,1
98,52,1
98,16,1
98,64,1
98,35,1
98,73,1
98,58,1
98,27,1
98,82,1
98,42,1
98,17,1
98,15,1
98,20,1
98,39,1
98,13,1
99,94,1
99,23,1
99,53,1
99,3,1
99,85,1
99,69,1
99,84,1
99,9,1
99,93,1
99,98,1
99,20,1
99,14,1
99,6,1
99,82,1
99,26,1
99,86,1
99,73,1
99,81,1
99,90,1
99,71,1
100,65,1
100,40,1
100,48,1
100,25,1
100,83,1
100,92,1
100,93,1
100,66,1
100,42,1
100,89,1
100,31,1
100,11,1
100,84,1
100,7,1
100,21,1
100,1,1
100,79,1
100,80,1
100,22,1
100,39,1
101,39,1
101,86,1
101,65,1
101,59,1
101,53,1
101,10,1
101,25,1
101,2,1
101,76,1
101,54,1
101,61,1
101,17,1
101,92,1
101,73,1
101,7,1
101,94,1
101,11,1
101,78,1
101,24,1
101,67,1
102,5,1
102,18,1
102,99,1
102,38,1
102,69,1
102,1,1
102,53,1
102,32,1
102,86,1
102,70,1
102,48,1
102,22,1
102,3,1
102,12,1
102,29,1
102,52,1
102,85,1
102,81,1
102,24,1
102,91,1
103,41,1
103,81,1
103,91,1
103,22,1
103,54,1
103,45,1
103,37,1
103,17,1
103,77,1
103,33,1
103,61,1
103,25,1
103,66,1
103,72,1
103,49,1
103,30,1
103,18,1
103,11,1
103,82,1
103,62,1
104,8,1
104,85,1
104,70,1
104,55,1
104,64,1
104,14,1
104,42,1
104,98,1
104,41,1
104,22,1
104,71,1
104,29,1
104,89,1
104,69,1
104,13,1
104,80,1
104,40,1
104,1,1
104,72,1
104,62,1
105,82,1
105,52,1
105,58,1
105,14,1
105,99,1
105,25,1
105,100,1
105,48,1
105,40,1
105,20,1
105,38,1
105,47,1
105,81,1
105,3,1
105,76,1
105,54,1
105,64,1
105,86,1
105,32,1
105,26,1
106,28,1
106,89,1
106,76,1
106,86,1
106,15,1
106,37,1
106,85,1
106,59,1
106,47,1
106,32,1
106,98,1
106,23,1
106,75,1
106,51,1
106,67,1
106,69,1
106,82,1
106,40,1
106,25,1
106,17,1
107,97,1
107,75,1
107,49,1
107,78,1
107,36,1
107,74,1
107,26,1
107,18,1
107,4,1
107,84,1
107,61,1
107,2,1
107,48,1
107,72,1
107,43,1
107,83,1
107,16,1
107,85,1
107,68,1
107,98,1
108,17,1
108,80,1
108,78,1
108,8,1
108,82,1
108,9,1
108,89,1
108,22,1
108,2,1
108,53,1
108,86,1
108,14,1
108,79,1
108,11,1
108,87,1
108,85,1
108,83,1
108,32,1
108,31,1
108,25,1
109,33,1
109,3,1
109,18,1
109,57,1
109,40,1
109,54,1
109,91,1
109,14,1
109,72,1
109,37,1
109,53,1
109,47,1
109,8,1
109,82,1
109,90,1
109,6,1
109,17,1
109,63,1
109,84,1
109,13,1
110,38,1
110,97,1
110,78,1
110,54,1
110,82,1
110,50,1
110,51,1
110,85,1
110,12,1
110,5,1
110,41,1
110,66,1
110,33,1
110,20,1
110,84,1
110,40,1
110,81,1
110,48,1
110,95,1
110,35,1
111,75,1
111,90,1
111,79,1
111,23,1
111,49,1
111,86,1
111,25,1
111,74,1
111,51,1
111,19,1
111,38,1
111,10,1
111,73,1
111,17,1
111,30,1
111,47,1
111,83,1
111,71,1
111,44,1
111,52,1
112,71,1
112,28,1
112,45,1
112,79,1
112,40,1
112,12,1
112,6,1
112,98,1
112,84,1
112,68,1
112,20,1
112,77,1
112,86,1
112,21,1
112,97,1
112,65,1
112,99,1
112,49,1
112,59,1
112,2,1
113,10,1
113,82,1
113,77,1
113,44,1
113,93,1
113,29,1
113,19,1
113,28,1
113,26,1
113,14,1
113,1,1
113,58,1
113,80,1
113,33,1
113,48,1
113,88,1
113,61,1
113,83,1
113,69,1
113,22,1
114,41,1
114,22,1
114,48,1
114,70,1
114,68,1
114,13,1
114,31,1
114,16,1
114,36,1
114,76,1
114,42,1
114,62,1
114,18,1
114,5,1
114,91,1
114,29,1
114,45,1
114,15,1
114,78,1
114,97,1
115,53,1
115,76,1
115,28,1
115,19,1
115,42,1
115,26,1
115,87,1
115,22,1
115,2,1
115,85,1
115,96,1
115,97,1
115,36,1
115,6,1
115,38,1
115,91,1
115,46,1
115,60,1
115,13,1
115,41,1
116,25,1
116,71,1
116,76,1
116,37,1
116,17,1
116,6,1
116,48,1
116,42,1
116,99,1
116,22,1
116,30,1
116,74,1
116,94,1
116,45,1
116,32,1
116,12,1
116,62,1
116,40,1
116,89,1
116,70,1
117,74,1
117,89,1
117,83,1
117,16,1
117,39,1
117,64,1
117,94,1
117,77,1
117,33,1
117,63,1
117,54,1
117,71,1
117,37,1
117,66,1
117,76,1
117,68,1
117,2,1
117,15,1
117,30,1
117,88,1
118,58,1
118,1,1
118,40,1
118,7,1
118,62,1
118,46,1
118,4,1
118,30,1
118,18,1
118,8,1
118,50,1
118,55,1
118,5,1
118,94,1
118,75,1
118,76,1
118,95,1
118,99,1
118,65,1
118,25,1
119,37,1
119,30,1
119,98,1
119,66,1
119,55,1
119,10,1
119,13,1
119,86,1
119,6,1
119,92,1
119,85,1
119,23,1
119,34,1
119,11,1
119,52,1
119,46,1
119,70,1
119,36,1
119,25,1
119,68,1
120,16,1
120,7,1
120,56,1
120,93,1
120,4,1
120,89,1
120,8,1
120,3,1
120,50,1
120,98,1
120,92,1
120,42,1
120,61,1
120,43,1
120,84,1
120,14,1
120,100,1
120,74,1
120,27,1
120,45,1
121,74,1
121,55,1
121,7,1
121,96,1
121,97,1
121,93,1
121,41,1
121,88,1
121,53,1
121,47,1
121,50,1
121,20,1
121,35,1
121,43,1
121,57,1
121,14,1
121,83,1
121,46,1
121,95,1
121,42,1
122,74,1
122,20,1
122,98,1
122,17,1
122,57,1
122,38,1
122,87,1
122,59,1
122,61,1
122,42,1
122,14,1
122,22,1
122,76,1
122,85,1
122,63,1
122,27,1
122,78,1
122,45,1
122,35,1
122,96,1
123,82,1
123,48,1
123,51,1
123,34,1
123,62,1
123,23,1
123,50,1
123,31,1
123,95,1
123,87,1
123,88,1
123,36,1
123,41,1
123,98,1
123,72,1
123,17,1
123,14,1
123,33,1
123,38,1
123,79,1
124,82,1
124,54,1
124,35,1
124,55,1
124,19,1
124,50,1
124,57,1
124,62,1
124,26,1
124,97,1
124,45,1
124,73,1
124,93,1
124,63,1
124,10,1
124,80,1
124,21,1
124,36,1
124,68,1
124,47,1
125,30,1
125,37,1
125,100,1
125,42,1
125,92,1
125,83,1
125,90,1
125,2,1
125,86,1
125,59,1
125,14,1
125,22,1
125,60,1
125,89,1
125,63,1
125,68,1
125,13,1
125,33,1
125,21,1
125,31,1
126,5,1
126,56,1
126,33,1
126,19,1
126,69,1
126,15,1
126,87,1
126,16,1
126,92,1
126,53,1
126,18,1
126,6,1
126,50,1
126,63,1
126,40,1
126,39,1
126,3,1
126,26,1
126,27,1
126,24,1
127,100,1
127,28,1
127,94,1
127,92,1
127,73,1
127,40,1
127,74,1
127,67,1
127,18,1
127,26,1
127,99,1
127,9,1
127,43,1
127,23,1
127,70,1
127,79,1
127,58,1
127,78,1
127,63,1
127,13,1
128,73,1
128,7,1
128,72,1
128,33,1
128,55,1
128,71,1
128,19,1
128,12,1
128,2,1
128,99,1
128,1,1
128,21,1
128,29,1
128,82,1
128,22,1
128,38,1
128,67,1
128,48,1
128,95,1
128,27,1
129,9,1
129,29,1
129,77,1
129,75,1
129,58,1
129,94,1
129,45,1
129,33,1
129,55,1
129,65,1
129,69,1
129,39,1
129,56,1
129,52,1
129,98,1
129,42,1
129,82,1
129,80,1
129,13,1
129,43,1
130,86,1
130,73,1
130,47,1
130,55,1
130,45,1
130,71,1
130,28,1
130,3,1
130,80,1
130,83,1
130,39,1
130,96,1
130,94,1
130,6,1
130,74,1
130,91,1
130,85,1
130,53,1
130,64,1
130,75,1
131,82,1
131,29,1
131,6,1
131,4,1
131,10,1
131,47,1
131,50,1
131,81,1
131,40,1
131,71,1
131,3,1
131,100,1
131,85,1
131,90,1
131,99,1
131,43,1
131,80,1
131,86,1
131,96,1
131,48,1
132,49,1
132,50,1
132,29,1
132,38,1
132,97,1
132,15,1
132,25,1
132,41,1
132,34,1
132,61,1
132,23,1
132,82,1
132,24,1
132,94,1
132,69,1
132,65,1
132,96,1
132,67,1
132,57,1
132,40,1
133,62,1
133,21,1
133,52,1
133,86,1
133,15,1
133,1,1
133,60,1
133,85,1
133,99,1
133,44,1
133,83,1
133,73,1
133,7,1
133,57,1
133,12,1
133,45,1
133,78,1
133,17,1
133,32,1
133,94,1
134,44,1
134,15,1
134,65,1
134,90,1
134,82,1
134,43,1
134,68,1
134,98,1
134,46,1
134,24,1
134,3,1
134,31,1
134,4,1
134,2,1
134,19,1
134,6,1
134,93,1
134,12,1
134,39,1
134,42,1
135,99,1
135,23,1
135,25,1
135,82,1
135,28,1
135,88,1
135,13,1
135,84,1
135,11,1
135,38,1
135,94,1
135,17,1
135,50,1
135,51,1
135,4,1
135,47,1
135,85,1
135,9,1
135,79,1
135,59,1
136,61,1
136,69,1
136,93,1
136,70,1
136,14,1
136,3,1
136,88,1
136,13,1
136,66,1
136,11,1
136,46,1
136,67,1
136,25,1
136,97,1
136,53,1
136,41,1
136,95,1
136,89,1
136,42,1
136,43,1
137,25,1
137,58,1
137,8,1
137,53,1
137,38,1
137,9,1
137,12,1
137,40,1
137,10,1
137,29,1
137,30,1
137,45,1
137,44,1
137,3,1
137,2,1
137,52,1
137,74,1
137,96,1
137,41,1
137,85,1
138,98,1
138,86,1
138,25,1
138,88,1
138,22,1
138,93,1
138,30,1
138,82,1
138,38,1
138,27,1
138,63,1
138,10,1
138,16,1
138,54,1
138,60,1
138,17,1
138,47,1
138,43,1
138,29,1
138,99,1
139,8,1
139,55,1
139,95,1
139,52,1
139,10,1
139,93,1
139,65,1
139,97,1
139,49,1
139,98,1
139,36,1
139,88,1
139,66,1
139,90,1
139,37,1
139,9,1
139,34,1
139,92,1
139,62,1
139,69,1
140,98,1
140,74,1
140,4,1
140,91,1
140,76,1
140,42,1
140,100,1
140,68,1
140,79,1
140,38,1
140,39,1
140,70,1
140,35,1
140,46,1
140,33,1
140,86,1
140,37,1
140,99,1
140,85,1
140,9,1
141,16,1
141,53,1
141,41,1
141,59,1
141,61,1
141,55,1
141,71,1
141,74,1
141,13,1
141,25,1
141,94,1
141,7,1
141,60,1
141,73,1
141,31,1
141,90,1
141,40,1
141,18,1
141,22,1
141,2,1
142,88,1
142,76,1
142,63,1
142,45,1
142,36,1
142,70,1
142,34,1
142,56,1
142,62,1
142,9,1
142,42,1
142,74,1
142,27,1
142,59,1
142,37,1
142,21,1
142,28,1
142,100,1
142,26,1
142,96,1
143,92,1
143,40,1
143,25,1
143,44,1
143,86,1
143,50,1
143,85,1
143,89,1
143,12,1
143,74,1
143,14,1
143,49,1
143,60,1
143,48,1
143,62,1
143,46,1
143,15,1
143,34,1
143,67,1
143,56,1
144,66,1
144,76,1
144,93,1
144,29,1
144,84,1
144,32,1
144,55,1
144,78,1
144,98,1
144,64,1
144,12,1
144,70,1
144,36,1
144,13,1
144,91,1
144,99,1
144,94,1
144,50,1
144,27,1
144,82,1
145,45,1
145,83,1
145,43,1
145,66,1
145,59,1
145,93,1
145,42,1
145,75,1
145,38,1
145,90,1
145,57,1
145,26,1
145,24,1
145,23,1
145,81,1
145,78,1
145,6,1
145,25,1
145,20,1
145,2,1
146,67,1
146,38,1
146,2,1
146,50,1
146,96,1
146,59,1
146,58,1
146,56,1
146,22,1
146,34,1
146,73,1
146,47,1
146,6,1
146,55,1
146,4,1
146,54,1
146,85,1
146,48,1
146,42,1
146,64,1
147,65,1
147,24,1
147,78,1
147,64,1
147,30,1
147,60,1
147,42,1
147,41,1
147,79,1
147,73,1
147,98,1
147,77,1
147,47,1
147,84,1
147,25,1
147,14,1
147,44,1
147,100,1
147,48,1
147,66,1
148,67,1
148,85,1
148,68,1
148,93,1
148,29,1
148,20,1
148,90,1
148,34,1
148,66,1
148,17,1
148,56,1
148,55,1
148,28,1
148,25,1
148,64,1
148,11,1
148,44,1
148,95,1
148,38,1
148,61,1
149,48,1
149,14,1
149,18,1
149,65,1
149,34,1
149,36,1
149,3,1
149,16,1
149,27,1
149,47,1
149,95,1
149,54,1
149,20,1
149,93,1
149,53,1
149,23,1
149,33,1
149,6,1
149,19,1
149,17,1
150,19,1
150,24,1
150,49,1
150,16,1
150,93,1
150,13,1
150,54,1
150,53,1
150,68,1
150,21,1
150,51,1
150,63,1
150,1,1
150,9,1
150,92,1
150,29,1
150,89,1
150,75,1
150,11,1
150,80,1
151,99,1
151,32,1
151,16,1
151,62,1
151,25,1
151,19,1
151,73,1
151,36,1
151,27,1
151,93,1
151,88,1
151,52,1
151,47,1
151,6,1
151,80,1
151,63,1
151,28,1
151,34,1
151,13,1
151,23,1
152,49,1
152,93,1
152,77,1
152,59,1
152,7,1
152,46,1
152,54,1
152,16,1
152,65,1
152,74,1
152,3,1
152,92,1
152,90,1
152,96,1
152,84,1
152,13,1
152,36,1
152,9,1
152,34,1
152,53,1
153,52,1
153,33,1
153,53,1
153,63,1
153,64,1
153,48,1
153,57,1
153,28,1
153,47,1
153,29,1
153,23,1
153,6,1
153,88,1
153,2,1
153,37,1
153,97,1
153,54,1
153,11,1
153,38,1
153,59,1
154,38,1
154,27,1
154,33,1
154,82,1
154,35,1
154,5,1
154,73,1
154,75,1
154,98,1
154,11,1
154,56,1
154,63,1
154,69,1
154,37,1
154,36,1
154,39,1
154,41,1
154,8,1
154,12,1
154,79,1
155,78,1
155,23,1
155,38,1
155,80,1
155,67,1
155,64,1
155,36,1
155,81,1
155,79,1
155,12,1
155,77,1
155,89,1
155,3,1
155,71,1
155,87,1
155,40,1
155,84,1
155,62,1
155,35,1
155,55,1
156,79,1
156,87,1
156,93,1
156,97,1
156,52,1
156,39,1
156,77,1
156,23,1
156,28,1
156,30,1
156,16,1
156,41,1
156,51,1
156,11,1
156,66,1
156,70,1
156,67,1
156,53,1
156,48,1
156,62,1
157,1,1
157,32,1
157,58,1
157,20,1
157,54,1
157,51,1
157,34,1
157,21,1
157,38,1
157,23,1
157,46,1
157,71,1
157,77,1
157,3,1
157,9,1
157,60,1
157,99,1
157,4,1
157,85,1
157,24,1
158,70,1
158,6,1
158,65,1
158,48,1
158,37,1
158,29,1
158,54,1
158,67,1
158,95,1
158,31,1
158,85,1
158,34,1
158,27,1
158,28,1
158,20,1
158,30,1
158,72,1
158,97,1
158,16,1
158,11,1
159,16,1
159,78,1
159,44,1
159,3,1
159,66,1
159,20,1
159,2,1
159,18,1
159,51,1
159,19,1
159,49,1
159,15,1
159,38,1
159,43,1
159,91,1
159,33,1
159,74,1
159,56,1
159,65,1
159,29,1
160,93,1
160,33,1
160,24,1
160,49,1
160,37,1
160,66,1
160,53,1
160,90,1
160,97,1
160,77,1
160,9,1
160,40,1
160,51,1
160,26,1
160,67,1
160,30,1
160,83,1
160,69,1
160,84,1
160,100,1
161,22,1
161,98,1
161,46,1
161,37,1
161,73,1
161,29,1
161,42,1
161,60,1
161,91,1
161,28,1
161,1,1
161,40,1
161,58,1
161,54,1
161,55,1
161,48,1
161,97,1
161,8,1
161,30,1
161,100,1
162,93,1
162,99,1
162,23,1
162,97,1
162,90,1
162,46,1
162,56,1
162,100,1
162,28,1
162,3,1
162,24,1
162,5,1
162,44,1
162,11,1
162,79,1
162,2,1
162,6,1
162,4,1
162,63,1
162,58,1
163,95,1
163,91,1
163,65,1
163,66,1
163,96,1
163,48,1
163,87,1
163,78,1
163,50,1
163,14,1
163,74,1
163,16,1
163,59,1
163,67,1
163,13,1
163,57,1
163,32,1
163,38,1
163,60,1
163,55,1
164,63,1
164,36,1
164,91,1
164,17,1
164,67,1
164,98,1
164,85,1
164,79,1
164,55,1
164,3,1
164,14,1
164,43,1
164,31,1
164,16,1
164,46,1
164,56,1
164,40,1
164,86,1
164,58,1
164,21,1
165,83,1
165,71,1
165,48,1
165,88,1
165,15,1
165,30,1
165,16,1
165,96,1
165,11,1
165,59,1
165,68,1
165,74,1
165,90,1
165,73,1
165,20,1
165,67,1
165,56,1
165,99,1
165,13,1
165,58,1
166,33,1
166,29,1
166,65,1
166,35,1
166,57,1
166,31,1
166,21,1
166,34,1
166,17,1
166,44,1
166,55,1
166,53,1
166,70,1
166,89,1
166,24,1
166,97,1
166,60,1
166,54,1
166,38,1
166,49,1
167,40,1
167,1,1
167,31,1
167,24,1
167,89,1
167,20,1
167,11,1
167,96,1
167,63,1
167,59,1
167,100,1
167,26,1
167,29,1
167,3,1
167,43,1
167,4,1
167,28,1
167,74,1
167,49,1
167,52,1
168,59,1
168,96,1
168,20,1
168,18,1
168,86,1
168,47,1
168,68,1
168,56,1
168,65,1
168,17,1
168,70,1
168,49,1
168,46,1
168,32,1
168,29,1
168,98,1
168,51,1
168,62,1
168,24,1
168,19,1
169,48,1
169,77,1
169,54,1
169,1,1
169,61,1
169,80,1
169,18,1
169,20,1
169,56,1
169,27,1
169,58,1
169,55,1
169,78,1
169,35,1
169,11,1
169,50,1
169,72,1
169,73,1
169,62,1
169,24,1
170,54,1
170,28,1
170,96,1
170,67,1
170,36,1
170,78,1
170,23,1
170,10,1
170,34,1
170,95,1
170,22,1
170,40,1
170,47,1
170,49,1
170,2,1
170,93,1
170,64,1
170,25,1
170,82,1
170,74,1
171,25,1
171,23,1
171,39,1
171,90,1
171,83,1
171,40,1
171,47,1
171,19,1
171,22,1
171,49,1
171,55,1
171,52,1
171,77,1
171,36,1
171,45,1
171,80,1
171,15,1
171,95,1
171,27,1
171,84,1
172,77,1
172,24,1
172,22,1
172,81,1
172,11,1
172,50,1
172,61,1
172,73,1
172,70,1
172,84,1
172,33,1
172,44,1
172,59,1
172,87,1
172,67,1
172,92,1
172,54,1
172,94,1
172,100,1
172,78,1
173,38,1
173,86,1
173,71,1
173,13,1
173,32,1
173,92,1
173,57,1
173,73,1
173,98,1
173,69,1
173,48,1
173,80,1
173,2,1
173,74,1
173,84,1
173,16,1
173,94,1
173,23,1
173,10,1
173,9,1
174,97,1
174,10,1
174,99,1
174,20,1
174,90,1
174,71,1
174,93,1
174,34,1
174,26,1
174,62,1
174,65,1
174,87,1
174,24,1
174,1,1
174,100,1
174,81,1
174,51,1
174,79,1
174,58,1
174,29,1
175,33,1
175,26,1
175,61,1
175,3,1
175,69,1
175,48,1
175,47,1
175,76,1
175,51,1
175,16,1
175,93,1
175,71,1
175,21,1
175,46,1
175,85,1
175,34,1
175,62,1
175,28,1
175,35,1
175,56,1
176,11,1
176,89,1
176,46,1
176,100,1
176,7,1
176,87,1
176,82,1
176,38,1
176,77,1
176,63,1
176,1,1
176,60,1
176,14,1
176,99,1
176,62,1
176,75,1
176,42,1
176,18,1
176,39,1
176,34,1
177,38,1
177,7,1
177,10,1
177,86,1
177,53,1
177,80,1
177,17,1
177,22,1
177,41,1
177,66,1
177,9,1
177,71,1
177,26,1
177,77,1
177,15,1
177,50,1
177,88,1
177,93,1
177,91,1
177,87,1
178,51,1
178,68,1
178,33,1
178,76,1
178,45,1
178,94,1
178,74,1
178,34,1
178,31,1
178,28,1
178,60,1
178,18,1
178,44,1
178,39,1
178,49,1
178,83,1
178,48,1
178,86,1
178,64,1
178,67,1
179,10,1
179,53,1
179,59,1
179,7,1
179,60,1
179,50,1
179,5,1
179,62,1
179,42,1
179,61,1
179,81,1
179,48,1
179,77,1
179,43,1
179,70,1
179,40,1
179,86,1
179,4,1
179,78,1
179,31,1
180,82,1
180,89,1
180,95,1
180,51,1
180,42,1
180,72,1
180,60,1
180,10,1
180,27,1
180,64,1
180,77,1
180,45,1
180,26,1
180,99,1
180,98,1
180,80,1
180,94,1
180,21,1
180,49,1
180,75,1
181,53,1
181,47,1
181,1,1
181,21,1
181,5,1
181,22,1
181,52,1
181,71,1
181,78,1
181,73,1
181,72,1
181,33,1
181,59,1
181,35,1
181,4,1
181,76,1
181,62,1
181,80,1
181,34,1
181,60,1
182,93,1
182,14,1
182,75,1
182,74,1
182,30,1
182,97,1
182,51,1
182,78,1
182,69,1
182,84,1
182,3,1
182,58,1
182,25,1
182,87,1
182,10,1
182,27,1
182,88,1
182,52,1
182,99,1
182,8,1
183,5,1
183,27,1
183,48,1
183,74,1
183,90,1
183,45,1
183,96,1
183,11,1
183,87,1
183,85,1
183,84,1
183,73,1
183,98,1
183,65,1
183,71,1
183,37,1
183,57,1
183,82,1
183,52,1
183,58,1
184,1,1
184,69,1
184,42,1
184,46,1
184,12,1
184,81,1
184,75,1
184,73,1
184,78,1
184,52,1
184,92,1
184,37,1
184,39,1
184,22,1
184,32,1
184,67,1
184,20,1
184,80,1
184,84,1
184,47,1
185,42,1
185,38,1
185,100,1
185,18,1
185,54,1
185,12,1
185,32,1
185,29,1
185,90,1
185,67,1
185,13,1
185,5,1
185,16,1
185,25,1
185,60,1
185,10,1
185,69,1
185,59,1
185,11,1
185,15,1
186,1,1
186,50,1
186,63,1
186,17,1
186,60,1
186,23,1
186,59,1
186,26,1
186,98,1
186,32,1
186,28,1
186,36,1
186,12,1
186,18,1
186,33,1
186,34,1
186,55,1
186,74,1
186,66,1
186,16,1
187,58,1
187,81,1
187,56,1
187,62,1
187,4,1
187,38,1
187,13,1
187,68,1
187,43,1
187,42,1
187,97,1
187,20,1
187,9,1
187,41,1
187,92,1
187,1,1
187,90,1
187,93,1
187,100,1
187,52,1
188,12,1
188,33,1
188,52,1
188,50,1
188,62,1
188,69,1
188,19,1
188,20,1
188,14,1
188,99,1
188,37,1
188,39,1
188,42,1
188,30,1
188,47,1
188,75,1
188,70,1
188,63,1
188,21,1
188,61,1
189,55,1
189,74,1
189,89,1
189,24,1
189,3,1
189,51,1
189,100,1
189,34,1
189,41,1
189,62,1
189,68,1
189,9,1
189,99,1
189,38,1
189,22,1
189,16,1
189,12,1
189,46,1
189,79,1
189,85,1
190,5,1
190,42,1
190,54,1
190,38,1
190,60,1
190,64,1
190,75,1
190,41,1
190,67,1
190,3,1
190,66,1
190,55,1
190,43,1
190,10,1
190,13,1
190,44,1
190,24,1
190,69,1
190,88,1
190,57,1
191,25,1
191,82,1
191,29,1
191,1,1
191,35,1
191,30,1
191,58,1
191,39,1
191,64,1
191,51,1
191,81,1
191,37,1
191,93,1
191,59,1
191,9,1
191,22,1
191,73,1
191,27,1
191,72,1
191,86,1
192,99,1
192,23,1
192,97,1
192,15,1
192,52,1
192,31,1
192,26,1
192,29,1
192,35,1
192,92,1
192,91,1
192,61,1
192,65,1
192,89,1
192,8,1
192,82,1
192,93,1
192,67,1
192,43,1
192,86,1
193,57,1
193,46,1
193,53,1
193,61,1
193,17,1
193,65,1
193,30,1
193,8,1
193,39,1
193,33,1
193,78,1
193,89,1
193,75,1
193,97,1
193,80,1
193,35,1
193,9,1
193,60,1
193,94,1
193,24,1
194,20,1
194,18,1
194,67,1
194,63,1
194,10,1
194,95,1
194,71,1
194,49,1
194,60,1
194,89,1
194,39,1
194,75,1
194,72,1
194,61,1
194,2,1
194,44,1
194,81,1
194,4,1
194,62,1
194,15,1
195,3,1
195,14,1
195,34,1
195,77,1
195,18,1
195,61,1
195,23,1
195,29,1
195,75,1
195,12,1
195,83,1
195,28,1
195,27,1
195,84,1
195,51,1
195,87,1
195,63,1
195,80,1
195,64,1
195,97,1
196,78,1
196,33,1
196,56,1
196,36,1
196,43,1
196,46,1
196,54,1
196,75,1
196,71,1
196,22,1
196,70,1
196,35,1
196,96,1
196,38,1
196,92,1
196,97,1
196,48,1
196,88,1
196,52,1
196,64,1
197,62,1
197,41,1
197,52,1
197,63,1
197,97,1
197,67,1
197,69,1
197,64,1
197,68,1
197,46,1
197,43,1
197,28,1
197,29,1
197,22,1
197,82,1
197,85,1
197,1,1
197,42,1
197,47,1
197,5,1
198,10,1
198,79,1
198,34,1
198,87,1
198,66,1
198,36,1
198,40,1
198,12,1
198,100,1
198,67,1
198,32,1
198,65,1
198,15,1
198,95,1
198,41,1
198,27,1
198,8,1
198,7,1
198,49,1
198,42,1
199,13,1
199,34,1
199,22,1
199,21,1
199,14,1
199,79,1
199,31,1
199,83,1
199,74,1
199,94,1
199,70,1
199,61,1
199,45,1
199,55,1
199,65,1
199,87,1
199,76,1
199,23,1
199,32,1
199,30,1
200,42,1
200,3,1
200,65,1
200,16,1
200,53,1
200,76,1
200,77,1
200,21,1
200,68,1
200,19,1
200,40,1
200,14,1
200,90,1
200,57,1
200,63,1
200,60,1
200,26,1
200,20,1
200,75,1
200,4,1
201,74,1
201,73,1
201,57,1
201,65,1
201,75,1
201,67,1
201,59,1
201,77,1
201,35,1
201,92,1
201,21,1
201,48,1
201,95,1
201,23,1
201,96,1
201,61,1
201,38,1
201,51,1
201,41,1
201,39,1
202,42,1
202,19,1
202,22,1
202,96,1
202,52,1
202,82,1
202,92,1
202,48,1
202,45,1
202,29,1
202,27,1
202,71,1
202,39,1
202,77,1
202,80,1
202,86,1
202,78,1
202,88,1
202,89,1
202,35,1
203,4,1
203,39,1
203,43,1
203,50,1
203,30,1
203,54,1
203,90,1
203,42,1
203,61,1
203,9,1
203,83,1
203,38,1
203,16,1
203,81,1
203,86,1
203,71,1
203,46,1
203,92,1
203,29,1
203,3,1
204,47,1
204,24,1
204,11,1
204,45,1
204,21,1
204,97,1
204,57,1
204,35,1
204,28,1
204,37,1
204,99,1
204,91,1
204,23,1
204,8,1
204,42,1
204,81,1
204,34,1
204,80,1
204,17,1
204,84,1
205,88,1
205,82,1
205,5,1
205,54,1
205,14,1
205,69,1
205,22,1
205,46,1
205,39,1
205,29,1
205,95,1
205,90,1
205,38,1
205,2,1
205,47,1
205,34,1
205,70,1
205,26,1
205,41,1
205,93,1
206,65,1
206,76,1
206,9,1
206,58,1
206,48,1
206,93,1
206,99,1
206,49,1
206,1,1
206,71,1
206,4,1
206,2,1
206,75,1
206,21,1
206,47,1
206,32,1
206,82,1
206,17,1
206,44,1
206,78,1
207,71,1
207,49,1
207,92,1
207,93,1
207,80,1
207,88,1
207,81,1
207,16,1
207,10,1
207,61,1
207,19,1
207,2,1
207,64,1
207,41,1
207,20,1
207,70,1
207,86,1
207,33,1
207,100,1
207,45,1
208,6,1
208,92,1
208,80,1
208,43,1
208,88,1
208,29,1
208,93,1
208,59,1
208,86,1
208,7,1
208,34,1
208,14,1
208,95,1
208,38,1
208,11,1
208,27,1
208,69,1
208,96,1
208,52,1
208,12,1
209,72,1
209,19,1
209,40,1
209,6,1
209,41,1
209,70,1
209,43,1
209,27,1
209,81,1
209,36,1
209,10,1
209,87,1
209,3,1
209,55,1
209,2,1
209,69,1
209,17,1
209,98,1
209,73,1
209,58,1
210,5,1
210,98,1
210,87,1
210,42,1
210,11,1
210,51,1
210,75,1
210,88,1
210,13,1
210,78,1
210,16,1
210,40,1
210,79,1
210,22,1
210,66,1
210,30,1
210,84,1
210,82,1
210,96,1
210,18,1
211,91,1
211,10,1
211,45,1
211,25,1
211,67,1
211,26,1
211,39,1
211,87,1
211,71,1
211,59,1
211,80,1
211,60,1
211,30,1
211,8,1
211,58,1
211,19,1
211,68,1
211,92,1
211,23,1
211,95,1
212,70,1
212,67,1
212,20,1
212,61,1
212,30,1
212,91,1
212,13,1
212,45,1
212,8,1
212,90,1
212,12,1
212,93,1
212,69,1
212,29,1
212,44,1
212,68,1
212,97,1
212,18,1
212,49,1
212,52,1
213,88,1
213,62,1
213,31,1
213,32,1
213,21,1
213,79,1
213,99,1
213,63,1
213,9,1
213,37,1
213,74,1
213,54,1
213,66,1
213,51,1
213,92,1
213,76,1
213,72,1
213,12,1
213,26,1
213,64,1
214,60,1
214,54,1
214,19,1
214,28,1
214,46,1
214,92,1
214,91,1
214,56,1
214,37,1
214,75,1
214,74,1
214,86,1
214,16,1
214,100,1
214,61,1
214,13,1
214,10,1
214,93,1
214,79,1
214,41,1
215,13,1
215,81,1
215,27,1
215,84,1
215,23,1
215,98,1
215,1,1
215,100,1
215,57,1
215,55,1
215,88,1
215,77,1
215,3,1
215,59,1
215,16,1
215,87,1
215,90,1
215,26,1
215,8,1
215,40,1
216,27,1
216,43,1
216,55,1
216,100,1
216,65,1
216,80,1
216,94,1
216,88,1
216,84,1
216,81,1
216,34,1
216,83,1
216,24,1
216,16,1
216,54,1
216,85,1
216,4,1
216,1,1
216,2,1
216,79,1
217,66,1
217,89,1
217,8,1
217,28,1
217,95,1
217,80,1
217,82,1
217,48,1
217,74,1
217,37,1
217,61,1
217,65,1
217,41,1
217,30,1
217,84,1
217,51,1
217,79,1
217,7,1
217,9,1
217,55,1
218,52,1
218,56,1
218,79,1
218,43,1
218,26,1
218,61,1
218,51,1
218,38,1
218,83,1
218,31,1
218,58,1
218,75,1
218,63,1
218,4,1
218,81,1
218,84,1
218,16,1
218,37,1
218,76,1
218,46,1
219,48,1
219,54,1
219,91,1
219,12,1
219,46,1
219,32,1
219,59,1
219,60,1
219,51,1
219,66,1
219,6,1
219,15,1
219,63,1
219,88,1
219,2,1
219,99,1
219,77,1
219,9,1
219,75,1
219,16,1
220,46,1
220,75,1
220,97,1
220,100,1
220,22,1
220,15,1
220,29,1
220,39,1
220,62,1
220,80,1
220,89,1
220,13,1
220,88,1
220,99,1
220,27,1
220,45,1
220,12,1
220,21,1
220,48,1
220,83,1
221,18,1
221,8,1
221,81,1
221,64,1
221,63,1
221,79,1
221,78,1
221,68,1
221,44,1
221,62,1
221,37,1
221,23,1
221,70,1
221,100,1
221,77,1
221,55,1
221,88,1
221,25,1
221,35,1
221,47,1
222,34,1
222,66,1
222,80,1
222,71,1
222,28,1
222,83,1
222,38,1
222,88,1
222,56,1
222,82,1
222,98,1
222,46,1
222,92,1
222,50,1
222,52,1
222,95,1
222,67,1
222,25,1
222,60,1
222,42,1
223,8,1
223,76,1
223,55,1
223,84,1
223,56,1
223,38,1
223,77,1
223,75,1
223,37,1
223,89,1
223,32,1
223,10,1
223,27,1
223,67,1
223,86,1
223,94,1
223,18,1
223,39,1
223,33,1
223,70,1
224,14,1
224,72,1
224,15,1
224,74,1
224,45,1
224,16,1
224,77,1
224,5,1
224,41,1
224,61,1
224,65,1
224,98,1
224,89,1
224,95,1
224,83,1
224,21,1
224,56,1
224,4,1
224,75,1
224,50,1
225,91,1
225,68,1
225,93,1
225,70,1
225,63,1
225,71,1
225,59,1
225,6,1
225,33,1
225,16,1
225,22,1
225,86,1
225,67,1
225,78,1
225,14,1
225,19,1
225,44,1
225,13,1
225,23,1
225,4,1
226,100,1
226,1,1
226,97,1
226,65,1
226,22,1
226,90,1
226,75,1
226,43,1
226,83,1
226,87,1
226,8,1
226,19,1
226,51,1
226,7,1
226,77,1
226,88,1
226,35,1
226,44,1
226,61,1
226,45,1
227,3,1
227,60,1
227,81,1
227,8,1
227,51,1
227,94,1
227,76,1
227,53,1
227,96,1
227,68,1
227,74,1
227,80,1
227,63,1
227,43,1
227,59,1
227,16,1
227,99,1
227,73,1
227,29,1
227,37,1
228,47,1
228,98,1
228,91,1
228,75,1
228,13,1
228,87,1
228,56,1
228,52,1
228,35,1
228,70,1
228,61,1
228,92,1
228,34,1
228,21,1
228,14,1
228,83,1
228,64,1
228,93,1
228,9,1
228,23,1
229,24,1
229,58,1
229,93,1
229,56,1
229,23,1
229,5,1
229,83,1
229,18,1
229,27,1
229,78,1
229,25,1
229,99,1
229,95,1
229,86,1
229,100,1
229,36,1
229,69,1
229,77,1
229,59,1
229,84,1
230,66,1
230,21,1
230,52,1
230,13,1
230,47,1
230,43,1
230,10,1
230,85,1
230,49,1
230,60,1
230,12,1
230,76,1
230,80,1
230,15,1
230,34,1
230,25,1
230,23,1
230,62,1
230,96,1
230,73,1
231,28,1
231,43,1
231,73,1
231,8,1
231,18,1
231,34,1
231,60,1
231,23,1
231,54,1
231,55,1
231,71,1
231,29,1
231,44,1
231,11,1
231,83,1
231,14,1
231,68,1
231,97,1
231,53,1
231,75,1
232,39,1
232,49,1
232,12,1
232,45,1
232,99,1
232,98,1
232,75,1
232,42,1
232,82,1
232,25,1
232,84,1
232,96,1
232,41,1
232,61,1
232,35,1
232,56,1
232,91,1
232,7,1
232,55,1
232,22,1
233,95,1
233,71,1
233,100,1
233,92,1
233,13,1
233,21,1
233,97,1
233,34,1
233,51,1
233,15,1
233,38,1
233,63,1
233,90,1
233,42,1
233,70,1
233,69,1
233,61,1
233,87,1
233,96,1
233,16,1
234,98,1
234,52,1
234,13,1
234,17,1
234,12,1
234,89,1
234,4,1
234,32,1
234,60,1
234,81,1
234,35,1
234,86,1
234,50,1
234,37,1
234,76,1
234,26,1
234,54,1
234,64,1
234,30,1
234,66,1
235,81,1
235,43,1
235,53,1
235,88,1
235,30,1
235,91,1
235,78,1
235,89,1
235,83,1
235,60,1
235,1,1
235,33,1
235,59,1
235,73,1
235,96,1
235,76,1
235,97,1
235,23,1
235,61,1
235,82,1
236,16,1
236,58,1
236,13,1
236,70,1
236,5,1
236,72,1
236,94,1
236,78,1
236,89,1
236,92,1
236,57,1
236,38,1
236,51,1
236,48,1
236,45,1
236,99,1
236,54,1
236,86,1
236,82,1
236,100,1
237,63,1
237,20,1
237,55,1
237,98,1
237,36,1
237,22,1
237,11,1
237,100,1
237,2,1
237,88,1
237,16,1
237,42,1
237,17,1
237,8,1
237,71,1
237,95,1
237,77,1
237,62,1
237,13,1
237,90,1
238,56,1
238,18,1
238,76,1
238,49,1
238,29,1
238,50,1
238,33,1
238,13,1
238,16,1
238,66,1
238,7,1
238,35,1
238,26,1
238,45,1
238,85,1
238,83,1
238,88,1
238,99,1
238,59,1
238,82,1
239,79,1
239,95,1
239,9,1
239,85,1
239,3,1
239,17,1
239,77,1
239,80,1
239,67,1
239,21,1
239,31,1
239,41,1
239,5,1
239,60,1
239,90,1
239,86,1
239,73,1
239,34,1
239,97,1
239,12,1
240,39,1
240,54,1
240,84,1
240,68,1
240,87,1
240,77,1
240,6,1
240,88,1
240,22,1
240,94,1
240,49,1
240,91,1
240,13,1
240,25,1
240,33,1
240,51,1
240,10,1
240,11,1
240,52,1
240,66,1
241,77,1
241,91,1
241,70,1
241,55,1
241,92,1
241,51,1
241,45,1
241,63,1
241,64,1
241,3,1
241,43,1
241,10,1
241,71,1
241,39,1
241,47,1
241,7,1
241,28,1
241,5,1
241,73,1
241,60,1
242,89,1
242,62,1
242,61,1
242,20,1
242,80,1
242,77,1
242,48,1
242,64,1
242,3,1
242,28,1
242,95,1
242,33,1
242,54,1
242,22,1
242,34,1
242,58,1
242,63,1
242,82,1
242,93,1
242,27,1
243,17,1
243,36,1
243,87,1
243,92,1
243,15,1
243,97,1
243,61,1
243,72,1
243,18,1
243,4,1
243,82,1
243,48,1
243,70,1
243,75,1
243,6,1
243,50,1
243,60,1
243,21,1
243,22,1
243,16,1
244,3,1
244,35,1
244,73,1
244,17,1
244,46,1
244,47,1
244,20,1
244,50,1
244,23,1
244,37,1
244,40,1
244,77,1
244,88,1
244,43,1
244,2,1
244,98,1
244,90,1
244,44,1
244,52,1
244,45,1
245,32,1
245,16,1
245,30,1
245,55,1
245,25,1
245,73,1
245,36,1
245,54,1
245,98,1
245,70,1
245,62,1
245,57,1
245,34,1
245,83,1
245,19,1
245,39,1
245,15,1
245,41,1
245,72,1
245,47,1
246,47,1
246,91,1
246,82,1
246,98,1
246,87,1
246,85,1
246,37,1
246,2,1
246,94,1
246,36,1
246,46,1
246,50,1
246,99,1
246,39,1
246,68,1
246,18,1
246,17,1
246,45,1
246,56,1
246,74,1
247,26,1
247,39,1
247,23,1
247,77,1
247,94,1
247,79,1
247,44,1
247,28,1
247,33,1
247,66,1
247,87,1
247,81,1
247,48,1
247,93,1
247,36,1
247,64,1
247,52,1
247,37,1
247,96,1
247,14,1
248,25,1
248,71,1
248,1,1
248,51,1
248,68,1
248,45,1
248,69,1
248,27,1
248,44,1
248,55,1
248,58,1
248,64,1
248,42,1
248,91,1
248,22,1
248,63,1
248,53,1
248,50,1
248,61,1
248,2,1
249,6,1
249,98,1
249,19,1
249,68,1
249,33,1
249,59,1
249,16,1
249,11,1
249,81,1
249,28,1
249,63,1
249,82,1
249,22,1
249,20,1
249,72,1
249,9,1
249,91,1
249,64,1
249,31,1
249,97,1
250,65,1
250,47,1
250,7,1
250,34,1
250,98,1
250,29,1
250,24,1
250,45,1
250,51,1
250,27,1
250,67,1
250,49,1
250,4,1
250,23,1
250,12,1
250,13,1
250,66,1
250,85,1
250,71,1
250,20,1
251,31,1
251,66,1
251,67,1
251,72,1
251,23,1
251,24,1
251,35,1
251,73,1
251,83,1
251,77,1
251,13,1
251,44,1
251,7,1
251,89,1
251,80,1
251,70,1
251,37,1
251,74,1
251,45,1
251,34,1
252,44,1
252,21,1
252,45,1
252,33,1
252,3,1
252,79,1
252,71,1
252,55,1
252,96,1
252,28,1
252,5,1
252,34,1
252,53,1
252,42,1
252,31,1
252,63,1
252,58,1
252,51,1
252,67,1
252,22,1
253,82,1
253,28,1
253,42,1
253,36,1
253,29,1
253,25,1
253,66,1
253,84,1
253,26,1
253,39,1
253,94,1
253,76,1
253,74,1
253,46,1
253,97,1
253,98,1
253,44,1
253,77,1
253,70,1
253,33,1
254,42,1
254,86,1
254,19,1
254,6,1
254,69,1
254,45,1
254,24,1
254,85,1
254,7,1
254,94,1
254,1,1
254,99,1
254,41,1
254,81,1
254,84,1
254,20,1
254,30,1
254,37,1
254,17,1
254,72,1
255,61,1
255,31,1
255,82,1
255,67,1
255,43,1
255,84,1
255,9,1
255,4,1
255,73,1
255,55,1
255,49,1
255,62,1
255,51,1
255,32,1
255,76,1
255,40,1
255,37,1
255,58,1
255,79,1
255,41,1
256,24,1
256,85,1
256,61,1
256,43,1
256,46,1
256,38,1
256,89,1
256,20,1
256,97,1
256,27,1
256,100,1
256,32,1
256,23,1
256,26,1
256,39,1
256,13,1
256,9,1
256,59,1
256,33,1
256,92,1
257,88,1
257,84,1
257,74,1
257,60,1
257,2,1
257,91,1
257,26,1
257,59,1
257,33,1
257,29,1
257,73,1
257,22,1
257,79,1
257,31,1
257,81,1
257,93,1
257,39,1
257,56,1
257,20,1
257,85,1
258,74,1
258,37,1
258,59,1
258,45,1
258,92,1
258,46,1
258,67,1
258,61,1
258,30,1
258,26,1
258,60,1
258,68,1
258,40,1
258,29,1
258,24,1
258,98,1
258,63,1
258,73,1
258,36,1
258,10,1
259,10,1
259,73,1
259,43,1
259,22,1
259,63,1
259,42,1
259,9,1
259,48,1
259,93,1
259,74,1
259,76,1
259,34,1
259,85,1
259,4,1
259,52,1
259,62,1
259,2,1
259,72,1
259,5,1
259,15,1
260,61,1
260,1,1
260,55,1
260,60,1
260,5,1
260,26,1
260,90,1
260,11,1
260,78,1
260,19,1
260,47,1
260,52,1
260,65,1
260,50,1
260,48,1
260,69,1
260,37,1
260,82,1
260,6,1
260,54,1
261,24,1
261,3,1
261,46,1
261,81,1
261,25,1
261,71,1
261,85,1
261,51,1
261,7,1
261,65,1
261,48,1
261,43,1
261,87,1
261,92,1
261,88,1
261,93,1
261,77,1
261,57,1
261,27,1
261,33,1
262,18,1
262,40,1
262,19,1
262,72,1
262,66,1
262,89,1
262,22,1
262,79,1
262,24,1
262,20,1
262,2,1
262,99,1
262,100,1
262,50,1
262,5,1
262,35,1
262,15,1
262,34,1
262,49,1
262,70,1
263,15,1
263,16,1
263,10,1
263,46,1
263,61,1
263,21,1
263,87,1
263,51,1
263,40,1
263,79,1
263,7,1
263,31,1
263,35,1
263,34,1
263,86,1
263,36,1
263,24,1
263,78,1
263,42,1
263,69,1
264,68,1
264,78,1
264,96,1
264,21,1
264,51,1
264,29,1
264,6,1
264,9,1
264,72,1
264,37,1
264,3,1
264,19,1
264,32,1
264,33,1
264,13,1
264,8,1
264,28,1
264,47,1
264,30,1
264,5,1
265,6,1
265,25,1
265,78,1
265,19,1
265,67,1
265,10,1
265,69,1
265,87,1
265,62,1
265,86,1
265,45,1
265,73,1
265,23,1
265,8,1
265,96,1
265,71,1
265,91,1
265,100,1
265,90,1
265,81,1
266,46,1
266,86,1
266,60,1
266,61,1
266,91,1
266,18,1
266,72,1
266,95,1
266,10,1
266,12,1
266,20,1
266,36,1
266,14,1
266,11,1
266,81,1
266,62,1
266,29,1
266,90,1
266,56,1
266,47,1
267,74,1
267,49,1
267,16,1
267,13,1
267,19,1
267,37,1
267,65,1
267,71,1
267,39,1
267,50,1
267,72,1
267,93,1
267,52,1
267,33,1
267,59,1
267,26,1
267,53,1
267,21,1
267,45,1
267,18,1
268,17,1
268,1,1
268,55,1
268,88,1
268,5,1
268,89,1
268,95,1
268,73,1
268,44,1
268,18,1
268,25,1
268,80,1
268,52,1
268,87,1
268,94,1
268,32,1
268,100,1
268,2,1
268,10,1
268,49,1
269,82,1
269,37,1
269,30,1
269,79,1
269,44,1
269,64,1
269,27,1
269,96,1
269,17,1
269,12,1
269,65,1
269,15,1
269,42,1
269,23,1
269,46,1
269,85,1
269,51,1
269,8,1
269,57,1
269,80,1
270,21,1
270,1,1
270,88,1
270,19,1
270,11,1
270,51,1
270,65,1
270,64,1
270,67,1
270,8,1
270,14,1
270,13,1
270,20,1
270,49,1
270,3,1
270,6,1
270,63,1
270,81,1
270,98,1
270,78,1
271,55,1
271,97,1
271,70,1
271,84,1
271,58,1
271,45,1
271,96,1
271,49,1
271,67,1
271,5,1
271,26,1
271,83,1
271,8,1
271,57,1
271,98,1
271,20,1
271,6,1
271,40,1
271,73,1
271,7,1
272,54,1
272,20,1
272,61,1
272,38,1
272,7,1
272,53,1
272,82,1
272,69,1
272,58,1
272,52,1
272,91,1
272,9,1
272,49,1
272,99,1
272,31,1
272,83,1
272,26,1
272,90,1
272,94,1
272,22,1
273,78,1
273,76,1
273,47,1
273,13,1
273,45,1
273,66,1
273,71,1
273,93,1
273,1,1
273,50,1
273,64,1
273,97,1
273,37,1
273,40,1
273,46,1
273,72,1
273,75,1
273,20,1
273,68,1
273,23,1
274,5,1
274,43,1
274,79,1
274,16,1
274,59,1
274,93,1
274,98,1
274,74,1
274,38,1
274,50,1
274,56,1
274,76,1
274,99,1
274,4,1
274,24,1
274,71,1
274,75,1
274,53,1
274,66,1
274,41,1
275,93,1
275,80,1
275,82,1
275,22,1
275,71,1
275,98,1
275,86,1
275,70,1
275,74,1
275,24,1
275,84,1
275,81,1
275,35,1
275,52,1
275,1,1
275,95,1
275,44,1
275,72,1
275,13,1
275,46,1
276,54,1
276,11,1
276,7,1
276,56,1
276,33,1
276,20,1
276,2,1
276,52,1
276,97,1
276,77,1
276,83,1
276,100,1
276,31,1
276,71,1
276,89,1
276,35,1
276,87,1
276,8,1
276,64,1
276,65,1
277,89,1
277,52,1
277,79,1
277,24,1
277,83,1
277,55,1
277,75,1
277,98,1
277,95,1
277,30,1
277,40,1
277,99,1
277,4,1
277,26,1
277,29,1
277,33,1
277,35,1
277,3,1
277,59,1
277,77,1
278,92,1
278,8,1
278,43,1
278,23,1
278,37,1
278,39,1
278,64,1
278,32,1
278,36,1
278,51,1
278,16,1
278,30,1
278,47,1
278,83,1
278,19,1
278,97,1
278,84,1
278,29,1
278,67,1
278,11,1
279,40,1
279,58,1
279,60,1
279,92,1
279,87,1
279,14,1
279,10,1
279,13,1
279,33,1
279,57,1
279,12,1
279,81,1
279,94,1
279,38,1
279,75,1
279,80,1
279,46,1
279,6,1
279,85,1
279,48,1
280,17,1
280,9,1
280,36,1
280,63,1
280,5,1
280,26,1
280,24,1
280,55,1
280,45,1
280,90,1
280,88,1
280,14,1
280,87,1
280,80,1
280,21,1
280,89,1
280,71,1
280,28,1
280,98,1
280,61,1
281,47,1
281,11,1
281,10,1
281,100,1
281,82,1
281,6,1
281,25,1
281,97,1
281,89,1
281,62,1
281,39,1
281,49,1
281,2,1
281,90,1
281,66,1
281,84,1
281,14,1
281,63,1
281,16,1
281,7,1
282,70,1
282,65,1
282,34,1
282,13,1
282,91,1
282,75,1
282,85,1
282,71,1
282,77,1
282,100,1
282,29,1
282,81,1
282,64,1
282,8,1
282,86,1
282,97,1
282,40,1
282,50,1
282,20,1
282,94,1
283,43,1
283,63,1
283,90,1
283,37,1
283,97,1
283,17,1
283,8,1
283,83,1
283,75,1
283,7,1
283,78,1
283,76,1
283,13,1
283,40,1
283,18,1
283,89,1
283,32,1
283,79,1
283,34,1
283,36,1
284,15,1
284,39,1
284,82,1
284,5,1
284,80,1
284,20,1
284,23,1
284,97,1
284,40,1
284,83,1
284,36,1
284,95,1
284,43,1
284,59,1
284,86,1
284,11,1
284,12,1
284,91,1
284,37,1
284,28,1
285,92,1
285,81,1
285,48,1
285,77,1
285,88,1
285,76,1
285,16,1
285,23,1
285,41,1
285,74,1
285,97,1
285,94,1
285,18,1
285,32,1
285,29,1
285,95,1
285,62,1
285,69,1
285,71,1
285,56,1
286,95,1
286,27,1
286,56,1
286,43,1
286,34,1
286,16,1
286,46,1
286,28,1
286,17,1
286,57,1
286,63,1
286,83,1
286,61,1
286,81,1
286,74,1
286,72,1
286,4,1
286,54,1
286,37,1
286,13,1
287,55,1
287,88,1
287,57,1
287,44,1
287,21,1
287,98,1
287,35,1
287,58,1
287,17,1
287,79,1
287,96,1
287,67,1
287,52,1
287,48,1
287,40,1
287,1,1
287,100,1
287,90,1
287,60,1
287,38,1
288,70,1
288,25,1
288,38,1
288,1,1
288,43,1
288,80,1
288,79,1
288,15,1
288,13,1
288,20,1
288,52,1
288,6,1
288,81,1
288,34,1
288,74,1
288,3,1
288,96,1
288,19,1
288,58,1
288,97,1
289,73,1
289,79,1
289,42,1
289,63,1
289,67,1
289,1,1
289,94,1
289,33,1
289,30,1
289,74,1
289,25,1
289,23,1
289,15,1
289,3,1
289,100,1
289,71,1
289,19,1
289,61,1
289,8,1
289,50,1
290,35,1
290,80,1
290,26,1
290,20,1
290,44,1
290,2,1
290,33,1
290,51,1
290,55,1
290,9,1
290,27,1
290,100,1
290,67,1
290,60,1
290,73,1
290,93,1
290,79,1
290,76,1
290,4,1
290,19,1
291,7,1
291,8,1
291,91,1
291,63,1
291,1,1
291,56,1
291,19,1
291,23,1
291,20,1
291,73,1
291,95,1
291,35,1
291,43,1
291,97,1
291,48,1
291,40,1
291,55,1
291,45,1
291,86,1
291,62,1
292,53,1
292,55,1
292,56,1
292,1,1
292,44,1
292,48,1
292,88,1
292,66,1
292,77,1
292,28,1
292,14,1
292,10,1
292,63,1
292,37,1
292,20,1
292,72,1
292,16,1
292,98,1
292,75,1
292,8,1
293,65,1
293,37,1
293,6,1
293,87,1
293,7,1
293,56,1
293,91,1
293,18,1
293,68,1
293,72,1
293,31,1
293,78,1
293,10,1
293,69,1
293,23,1
293,82,1
293,67,1
293,39,1
293,62,1
293,11,1
294,84,1
294,27,1
294,100,1
294,77,1
294,23,1
294,88,1
294,89,1
294,64,1
294,7,1
294,79,1
294,83,1
294,16,1
294,19,1
294,54,1
294,93,1
294,45,1
294,68,1
294,33,1
294,78,1
294,9,1
295,72,1
295,57,1
295,91,1
295,69,1
295,13,1
295,80,1
295,22,1
295,35,1
295,63,1
295,52,1
295,92,1
295,30,1
295,82,1
295,40,1
295,9,1
295,23,1
295,89,1
295,43,1
295,73,1
295,68,1
296,52,1
296,18,1
296,58,1
296,4,1
296,100,1
296,49,1
296,64,1
296,62,1
296,78,1
296,33,1
296,83,1
296,59,1
296,32,1
296,54,1
296,65,1
296,10,1
296,91,1
296,72,1
296,67,1
296,26,1
297,96,1
297,36,1
297,62,1
297,69,1
297,75,1
297,22,1
297,58,1
297,78,1
297,3,1
297,8,1
297,83,1
297,51,1
297,63,1
297,92,1
297,88,1
297,32,1
297,2,1
297,76,1
297,54,1
297,53,1
298,7,1
298,82,1
298,38,1
298,29,1
298,36,1
298,5,1
298,59,1
298,42,1
298,99,1
298,74,1
298,45,1
298,98,1
298,87,1
298,78,1
298,97,1
298,3,1
298,54,1
298,13,1
298,4,1
298,22,1
299,6,1
299,70,1
299,9,1
299,38,1
299,66,1
299,50,1
299,76,1
299,26,1
299,15,1
299,46,1
299,56,1
299,49,1
299,74,1
299,10,1
299,23,1
299,64,1
299,51,1
299,55,1
299,14,1
299,57,1
300,91,1
300,38,1
300,90,1
300,69,1
300,40,1
300,22,1
300,27,1
300,51,1
300,56,1
300,75,1
300,58,1
300,36,1
300,65,1
300,60,1
300,20,1
300,37,1
300,89,1
300,47,1
300,18,1
300,86,1
301,42,1
301,49,1
301,35,1
301,91,1
301,11,1
301,23,1
301,1,1
301,97,1
301,98,1
301,12,1
301,95,1
301,4,1
301,41,1
301,32,1
301,68,1
301,57,1
301,61,1
301,24,1
301,40,1
301,65,1
302,41,1
302,86,1
302,31,1
302,34,1
302,65,1
302,7,1
302,9,1
302,84,1
302,85,1
302,58,1
302,90,1
302,76,1
302,81,1
302,12,1
302,55,1
302,99,1
302,4,1
302,38,1
302,42,1
302,15,1
303,65,1
303,96,1
303,41,1
303,87,1
303,47,1
303,36,1
303,31,1
303,80,1
303,14,1
303,62,1
303,90,1
303,77,1
303,7,1
303,8,1
303,19,1
303,88,1
303,75,1
303,24,1
303,68,1
303,21,1
304,59,1
304,47,1
304,71,1
304,77,1
304,7,1
304,30,1
304,54,1
304,74,1
304,19,1
304,48,1
304,6,1
304,80,1
304,99,1
304,85,1
304,4,1
304,41,1
304,9,1
304,45,1
304,61,1
304,28,1
305,43,1
305,60,1
305,38,1
305,23,1
305,54,1
305,29,1
305,89,1
305,2,1
305,79,1
305,64,1
305,91,1
305,1,1
305,52,1
305,6,1
305,55,1
305,93,1
305,70,1
305,53,1
305,42,1
305,31,1
306,16,1
306,76,1
306,4,1
306,39,1
306,79,1
306,62,1
306,73,1
306,34,1
306,14,1
306,77,1
306,81,1
306,24,1
306,53,1
306,58,1
306,87,1
306,27,1
306,25,1
306,96,1
306,66,1
306,7,1
307,50,1
307,4,1
307,20,1
307,60,1
307,48,1
307,87,1
307,40,1
307,84,1
307,6,1
307,44,1
307,23,1
307,41,1
307,69,1
307,38,1
307,56,1
307,89,1
307,59,1
307,53,1
307,22,1
307,1,1
308,98,1
308,37,1
308,10,1
308,79,1
308,44,1
308,25,1
308,86,1
308,89,1
308,87,1
308,54,1
308,83,1
308,90,1
308,52,1
308,41,1
308,47,1
308,6,1
308,50,1
308,31,1
308,23,1
308,71,1
309,90,1
309,82,1
309,65,1
309,67,1
309,28,1
309,93,1
309,2,1
309,79,1
309,31,1
309,14,1
309,8,1
309,13,1
309,34,1
309,74,1
309,64,1
309,85,1
309,70,1
309,73,1
309,29,1
309,36,1
310,89,1
310,84,1
310,49,1
310,54,1
310,38,1
310,59,1
310,11,1
310,5,1
310,67,1
310,76,1
310,7,1
310,30,1
310,13,1
310,78,1
310,65,1
310,70,1
310,71,1
310,27,1
310,97,1
310,91,1
311,75,1
311,1,1
311,86,1
311,7,1
311,29,1
311,39,1
311,27,1
311,8,1
311,46,1
311,4,1
311,63,1
311,13,1
311,93,1
311,64,1
311,18,1
311,88,1
311,24,1
311,82,1
311,81,1
311,95,1
312,85,1
312,26,1
312,66,1
312,65,1
312,70,1
312,48,1
312,21,1
312,57,1
312,69,1
312,83,1
312,62,1
312,19,1
312,47,1
312,38,1
312,7,1
312,56,1
312,89,1
312,31,1
312,72,1
312,73,1
313,12,1
313,51,1
313,87,1
313,100,1
313,5,1
313,86,1
313,55,1
313,39,1
313,42,1
313,83,1
313,96,1
313,59,1
313,61,1
313,92,1
313,91,1
313,78,1
313,30,1
313,11,1
313,22,1
313,1,1
314,43,1
314,45,1
314,83,1
314,33,1
314,39,1
314,93,1
314,21,1
314,14,1
314,2,1
314,52,1
314,60,1
314,38,1
314,85,1
314,97,1
314,29,1
314,80,1
314,40,1
314,53,1
314,87,1
314,57,1
315,11,1
315,71,1
315,30,1
315,41,1
315,73,1
315,74,1
315,2,1
315,61,1
315,96,1
315,15,1
315,9,1
315,25,1
315,3,1
315,86,1
315,33,1
315,62,1
315,18,1
315,1,1
315,38,1
315,92,1
316,41,1
316,56,1
316,38,1
316,71,1
316,48,1
316,10,1
316,62,1
316,98,1
316,59,1
316,11,1
316,25,1
316,32,1
316,90,1
316,69,1
316,95,1
316,66,1
316,88,1
316,1,1
316,19,1
316,30,1
317,4,1
317,20,1
317,76,1
317,45,1
317,33,1
317,34,1
317,62,1
317,69,1
317,79,1
317,50,1
317,53,1
317,36,1
317,43,1
317,59,1
317,85,1
317,95,1
317,87,1
317,51,1
317,91,1
317,9,1
318,53,1
318,24,1
318,95,1
318,40,1
318,77,1
318,96,1
318,66,1
318,92,1
318,51,1
318,41,1
318,94,1
318,9,1
318,48,1
318,93,1
318,30,1
318,97,1
318,71,1
318,5,1
318,23,1
318,81,1
319,24,1
319,43,1
319,5,1
319,29,1
319,9,1
319,72,1
319,81,1
319,74,1
319,73,1
319,32,1
319,58,1
319,59,1
319,71,1
319,76,1
319,67,1
319,6,1
319,13,1
319,35,1
319,15,1
319,91,1
320,55,1
320,67,1
320,87,1
320,98,1
320,62,1
320,29,1
320,97,1
320,31,1
320,76,1
320,54,1
320,82,1
320,40,1
320,63,1
320,32,1
320,99,1
320,84,1
320,51,1
320,33,1
320,20,1
320,96,1
321,69,1
321,27,1
321,10,1
321,37,1
321,72,1
321,33,1
321,61,1
321,26,1
321,25,1
321,92,1
321,9,1
321,40,1
321,16,1
321,41,1
321,22,1
321,20,1
321,82,1
321,34,1
321,59,1
321,15,1
322,11,1
322,62,1
322,29,1
322,93,1
322,7,1
322,86,1
322,5,1
322,38,1
322,100,1
322,71,1
322,59,1
322,34,1
322,58,1
322,28,1
322,45,1
322,84,1
322,1,1
322,35,1
322,96,1
322,72,1
323,54,1
323,37,1
323,8,1
323,71,1
323,25,1
323,22,1
323,73,1
323,94,1
323,15,1
323,34,1
323,58,1
323,13,1
323,84,1
323,76,1
323,30,1
323,49,1
323,86,1
323,92,1
323,48,1
323,90,1
324,14,1
324,18,1
324,74,1
324,89,1
324,95,1
324,40,1
324,58,1
324,48,1
324,78,1
324,77,1
324,24,1
324,93,1
324,71,1
324,34,1
324,8,1
324,36,1
324,2,1
324,59,1
324,20,1
324,66,1
325,1,1
325,11,1
325,22,1
325,67,1
325,40,1
325,31,1
325,8,1
325,98,1
325,16,1
325,72,1
325,43,1
325,76,1
325,41,1
325,48,1
325,61,1
325,26,1
325,35,1
325,58,1
325,66,1
325,59,1
326,86,1
326,98,1
326,73,1
326,27,1
326,42,1
326,71,1
326,33,1
326,72,1
326,11,1
326,22,1
326,64,1
326,77,1
326,19,1
326,61,1
326,95,1
326,48,1
326,52,1
326,92,1
326,10,1
326,3,1
327,27,1
327,3,1
327,14,1
327,45,1
327,44,1
327,60,1
327,30,1
327,79,1
327,10,1
327,91,1
327,51,1
327,29,1
327,43,1
327,72,1
327,52,1
327,34,1
327,87,1
327,26,1
327,35,1
327,86,1
328,78,1
328,91,1
328,6,1
328,7,1
328,63,1
328,57,1
328,27,1
328,89,1
328,77,1
328,11,1
328,83,1
328,37,1
328,9,1
328,96,1
328,15,1
328,42,1
328,13,1
328,99,1
328,43,1
328,55,1
329,3,1
329,47,1
329,60,1
329,21,1
329,87,1
329,48,1
329,30,1
329,64,1
329,35,1
329,23,1
329,93,1
329,83,1
329,49,1
329,25,1
329,100,1
329,98,1
329,32,1
329,61,1
329,1,1
329,50,1
330,54,1
330,89,1
330,43,1
330,46,1
330,95,1
330,56,1
330,98,1
330,91,1
330,4,1
330,42,1
330,22,1
330,1,1
330,99,1
330,51,1
330,38,1
330,20,1
330,26,1
330,71,1
330,93,1
330,94,1
331,19,1
331,36,1
331,87,1
331,71,1
331,88,1
331,38,1
331,56,1
331,8,1
331,42,1
331,5,1
331,21,1
331,69,1
331,30,1
331,61,1
331,55,1
331,40,1
331,60,1
331,17,1
331,47,1
331,89,1
332,17,1
332,16,1
332,96,1
332,64,1
332,41,1
332,1,1
332,27,1
332,56,1
332,21,1
332,28,1
332,51,1
332,83,1
332,34,1
332,29,1
332,22,1
332,3,1
332,44,1
332,8,1
332,45,1
332,87,1
333,92,1
333,94,1
333,32,1
333,14,1
333,1,1
333,77,1
333,76,1
333,30,1
333,25,1
333,16,1
333,90,1
333,27,1
333,46,1
333,41,1
333,62,1
333,95,1
333,9,1
333,56,1
333,78,1
333,40,1
334,27,1
334,78,1
334,33,1
334,67,1
334,24,1
334,86,1
334,92,1
334,2,1
334,1,1
334,48,1
334,83,1
334,64,1
334,5,1
334,84,1
334,25,1
334,80,1
334,41,1
334,73,1
334,71,1
334,88,1
335,70,1
335,92,1
335,25,1
335,61,1
335,26,1
335,39,1
335,36,1
335,64,1
335,45,1
335,79,1
335,34,1
335,81,1
335,76,1
335,69,1
335,91,1
335,22,1
335,85,1
335,10,1
335,87,1
335,18,1
336,34,1
336,45,1
336,57,1
336,21,1
336,84,1
336,52,1
336,94,1
336,17,1
336,24,1
336,89,1
336,12,1
336,58,1
336,79,1
336,32,1
336,46,1
336,50,1
336,77,1
336,7,1
336,43,1
336,36,1
337,56,1
337,16,1
337,54,1
337,14,1
337,38,1
337,55,1
337,26,1
337,75,1
337,3,1
337,52,1
337,2,1
337,78,1
337,47,1
337,33,1
337,85,1
337,37,1
337,70,1
337,49,1
337,66,1
337,12,1
338,41,1
338,56,1
338,34,1
338,62,1
338,91,1
338,54,1
338,43,1
338,96,1
338,42,1
338,20,1
338,77,1
338,82,1
338,29,1
338,17,1
338,28,1
338,15,1
338,86,1
338,64,1
338,57,1
338,39,1
339,49,1
339,48,1
339,73,1
339,51,1
339,22,1
339,53,1
339,96,1
339,99,1
339,4,1
339,13,1
339,82,1
339,78,1
339,30,1
339,47,1
339,37,1
339,58,1
339,17,1
339,90,1
339,14,1
339,55,1
340,72,1
340,39,1
340,24,1
340,60,1
340,32,1
340,85,1
340,20,1
340,13,1
340,89,1
340,27,1
340,44,1
340,83,1
340,19,1
340,9,1
340,50,1
340,90,1
340,48,1
340,2,1
340,95,1
340,59,1
341,6,1
341,49,1
341,50,1
341,51,1
341,36,1
341,41,1
341,56,1
341,59,1
341,48,1
341,26,1
341,47,1
341,84,1
341,73,1
341,19,1
341,100,1
341,8,1
341,30,1
341,57,1
341,99,1
341,9,1
342,74,1
342,58,1
342,2,1
342,81,1
342,12,1
342,25,1
342,83,1
342,29,1
342,1,1
342,88,1
342,98,1
342,11,1
342,54,1
342,89,1
342,48,1
342,94,1
342,16,1
342,60,1
342,53,1
342,22,1
343,75,1
343,80,1
343,31,1
343,84,1
343,38,1
343,12,1
343,51,1
343,34,1
343,96,1
343,95,1
343,13,1
343,55,1
343,15,1
343,21,1
343,59,1
343,69,1
343,77,1
343,52,1
343,58,1
343,36,1
344,28,1
344,96,1
344,71,1
344,27,1
344,63,1
344,59,1
344,68,1
344,12,1
344,49,1
344,33,1
344,82,1
344,87,1
344,40,1
344,94,1
344,19,1
344,7,1
344,66,1
344,51,1
344,38,1
344,89,1
345,20,1
345,85,1
345,70,1
345,7,1
345,78,1
345,40,1
345,76,1
345,28,1
345,98,1
345,56,1
345,24,1
345,5,1
345,8,1
345,57,1
345,12,1
345,6,1
345,61,1
345,84,1
345,2,1
345,93,1
346,80,1
346,47,1
346,42,1
346,37,1
346,23,1
346,26,1
346,100,1
346,48,1
346,68,1
346,10,1
346,50,1
346,60,1
346,6,1
346,1,1
346,99,1
346,71,1
346,30,1
346,35,1
346,16,1
346,88,1
347,75,1
347,29,1
347,86,1
347,38,1
347,71,1
347,5,1
347,3,1
347,44,1
347,73,1
347,26,1
347,93,1
347,15,1
347,89,1
347,41,1
347,35,1
347,66,1
347,34,1
347,79,1
347,4,1
347,11,1
348,87,1
348,22,1
348,27,1
348,70,1
348,69,1
348,85,1
348,5,1
348,82,1
348,6,1
348,37,1
348,7,1
348,19,1
348,53,1
348,3,1
348,98,1
348,48,1
348,26,1
348,28,1
348,35,1
348,64,1
349,37,1
349,14,1
349,44,1
349,24,1
349,48,1
349,65,1
349,31,1
349,4,1
349,41,1
349,61,1
349,5,1
349,45,1
349,15,1
349,26,1
349,81,1
349,11,1
349,100,1
349,80,1
349,36,1
349,59,1
350,5,1
350,78,1
350,33,1
350,76,1
350,77,1
350,10,1
350,70,1
350,82,1
350,30,1
350,29,1
350,98,1
350,87,1
350,79,1
350,81,1
350,53,1
350,14,1
350,51,1
350,11,1
350,42,1
350,24,1
351,25,1
351,35,1
351,68,1
351,78,1
351,97,1
351,34,1
351,61,1
351,92,1
351,64,1
351,94,1
351,5,1
351,99,1
351,12,1
351,55,1
351,53,1
351,30,1
351,72,1
351,7,1
351,33,1
351,48,1
352,82,1
352,59,1
352,66,1
352,49,1
352,60,1
352,84,1
352,62,1
352,33,1
352,27,1
352,36,1
352,21,1
352,88,1
352,83,1
352,80,1
352,17,1
352,54,1
352,76,1
352,31,1
352,24,1
352,73,1
353,76,1
353,75,1
353,45,1
353,5,1
353,48,1
353,58,1
353,74,1
353,13,1
353,9,1
353,24,1
353,77,1
353,8,1
353,97,1
353,25,1
353,22,1
353,40,1
353,55,1
353,19,1
353,63,1
353,64,1
354,7,1
354,43,1
354,72,1
354,99,1
354,87,1
354,74,1
354,42,1
354,57,1
354,91,1
354,37,1
354,53,1
354,12,1
354,94,1
354,79,1
354,30,1
354,75,1
354,14,1
354,47,1
354,81,1
354,6,1
355,2,1
355,6,1
355,43,1
355,59,1
355,27,1
355,9,1
355,38,1
355,86,1
355,12,1
355,60,1
355,26,1
355,97,1
355,23,1
355,80,1
355,95,1
355,35,1
355,63,1
355,94,1
355,58,1
355,15,1
356,56,1
356,97,1
356,90,1
356,23,1
356,62,1
356,25,1
356,95,1
356,19,1
356,99,1
356,30,1
356,24,1
356,53,1
356,35,1
356,87,1
356,93,1
356,5,1
356,18,1
356,3,1
356,51,1
356,57,1
357,20,1
357,74,1
357,80,1
357,8,1
357,81,1
357,87,1
357,40,1
357,9,1
357,97,1
357,46,1
357,2,1
357,1,1
357,99,1
357,12,1
357,83,1
357,36,1
357,100,1
357,61,1
357,14,1
357,33,1
358,33,1
358,31,1
358,48,1
358,41,1
358,63,1
358,89,1
358,70,1
358,91,1
358,96,1
358,29,1
358,68,1
358,58,1
358,61,1
358,92,1
358,37,1
358,22,1
358,52,1
358,19,1
358,65,1
358,72,1
359,8,1
359,23,1
359,10,1
359,95,1
359,34,1
359,41,1
359,21,1
359,89,1
359,86,1
359,66,1
359,5,1
359,50,1
359,85,1
359,22,1
359,45,1
359,99,1
359,35,1
359,72,1
359,64,1
359,52,1
360,38,1
360,29,1
360,35,1
360,86,1
360,30,1
360,50,1
360,75,1
360,60,1
360,12,1
360,10,1
360,94,1
360,81,1
360,91,1
360,90,1
360,95,1
360,13,1
360,22,1
360,98,1
360,11,1
360,44,1
361,55,1
361,57,1
361,18,1
361,33,1
361,6,1
361,68,1
361,93,1
361,90,1
361,78,1
361,91,1
361,100,1
361,59,1
361,77,1
361,9,1
361,81,1
361,8,1
361,3,1
361,50,1
361,39,1
361,74,1
362,74,1
362,23,1
362,20,1
362,3,1
362,43,1
362,49,1
362,46,1
362,91,1
362,77,1
362,75,1
362,48,1
362,92,1
362,31,1
362,18,1
362,32,1
362,70,1
362,64,1
362,94,1
362,88,1
362,8,1
363,29,1
363,15,1
363,39,1
363,60,1
363,91,1
363,21,1
363,32,1
363,97,1
363,27,1
363,51,1
363,10,1
363,65,1
363,92,1
363,86,1
363,63,1
363,47,1
363,40,1
363,81,1
363,74,1
363,50,1
364,76,1
364,61,1
364,84,1
364,11,1
364,20,1
364,70,1
364,90,1
364,33,1
364,13,1
364,19,1
364,60,1
364,83,1
364,7,1
364,25,1
364,77,1
364,75,1
364,96,1
364,97,1
364,86,1
364,72,1
365,4,1
365,27,1
365,11,1
365,84,1
365,34,1
365,59,1
365,55,1
365,47,1
365,1,1
365,66,1
365,56,1
365,45,1
365,74,1
365,7,1
365,8,1
365,92,1
365,91,1
365,71,1
365,9,1
365,20,1
366,70,1
366,28,1
366,100,1
366,89,1
366,46,1
366,51,1
366,94,1
366,4,1
366,47,1
366,72,1
366,11,1
366,3,1
366,98,1
366,17,1
366,78,1
366,61,1
366,80,1
366,54,1
366,96,1
366,76,1
367,75,1
367,69,1
367,64,1
367,85,1
367,17,1
367,94,1
367,1,1
367,98,1
367,7,1
367,90,1
367,59,1
367,42,1
367,48,1
367,100,1
367,55,1
367,57,1
367,60,1
367,10,1
367,6,1
367,25,1
368,43,1
368,95,1
368,65,1
368,71,1
368,7,1
368,59,1
368,60,1
368,92,1
368,88,1
368,94,1
368,82,1
368,85,1
368,72,1
368,51,1
368,83,1
368,12,1
368,90,1
368,50,1
368,58,1
368,25,1
369,1,1
369,29,1
369,40,1
369,11,1
369,86,1
369,35,1
369,79,1
369,100,1
369,60,1
369,31,1
369,90,1
369,47,1
369,91,1
369,73,1
369,33,1
369,43,1
369,59,1
369,67,1
369,4,1
369,53,1
370,86,1
370,81,1
370,57,1
370,100,1
370,82,1
370,54,1
370,35,1
370,53,1
370,93,1
370,12,1
370,96,1
370,75,1
370,14,1
370,45,1
370,18,1
370,30,1
370,42,1
370,11,1
370,23,1
370,85,1
371,92,1
371,98,1
371,36,1
371,68,1
371,23,1
371,33,1
371,30,1
371,87,1
371,55,1
371,71,1
371,58,1
371,7,1
371,25,1
371,73,1
371,50,1
371,1,1
371,94,1
371,11,1
371,2,1
371,79,1
372,60,1
372,79,1
372,58,1
372,14,1
372,28,1
372,57,1
372,40,1
372,74,1
372,44,1
372,68,1
372,51,1
372,63,1
372,89,1
372,20,1
372,2,1
372,56,1
372,1,1
372,46,1
372,7,1
372,36,1
373,31,1
373,39,1
373,81,1
373,84,1
373,86,1
373,47,1
373,50,1
373,40,1
373,75,1
373,95,1
373,36,1
373,96,1
373,49,1
373,13,1
373,55,1
373,19,1
373,87,1
373,43,1
373,12,1
373,42,1
374,77,1
374,67,1
374,99,1
374,18,1
374,72,1
374,3,1
374,6,1
374,2,1
374,69,1
374,28,1
374,14,1
374,41,1
374,85,1
374,71,1
374,79,1
374,15,1
374,64,1
374,56,1
374,8,1
374,50,1
375,32,1
375,23,1
375,56,1
375,30,1
375,34,1
375,40,1
375,20,1
375,53,1
375,11,1
375,60,1
375,36,1
375,4,1
375,47,1
375,72,1
375,5,1
375,38,1
375,79,1
375,7,1
375,16,1
375,44,1
376,37,1
376,27,1
376,29,1
376,62,1
376,75,1
376,85,1
376,64,1
376,7,1
376,61,1
376,82,1
376,98,1
376,92,1
376,40,1
376,48,1
376,12,1
376,99,1
376,57,1
376,15,1
376,23,1
376,21,1
377,63,1
377,14,1
377,96,1
377,32,1
377,39,1
377,17,1
377,43,1
377,16,1
377,29,1
377,12,1
377,51,1
377,46,1
377,6,1
377,5,1
377,35,1
377,56,1
377,91,1
377,69,1
377,47,1
377,88,1
378,32,1
378,47,1
378,58,1
378,69,1
378,83,1
378,90,1
378,1,1
378,88,1
378,29,1
378,84,1
378,40,1
378,64,1
378,96,1
378,57,1
378,49,1
378,100,1
378,16,1
378,39,1
378,59,1
378,11,1
379,13,1
379,98,1
379,97,1
379,86,1
379,59,1
379,41,1
379,49,1
379,57,1
379,40,1
379,70,1
379,78,1
379,58,1
379,12,1
379,45,1
379,16,1
379,31,1
379,66,1
379,39,1
379,87,1
379,36,1
380,33,1
380,51,1
380,61,1
380,23,1
380,65,1
380,85,1
380,37,1
380,16,1
380,72,1
380,79,1
380,78,1
380,93,1
380,75,1
380,42,1
380,55,1
380,83,1
380,96,1
380,4,1
380,89,1
380,22,1
381,94,1
381,38,1
381,85,1
381,7,1
381,88,1
381,8,1
381,45,1
381,15,1
381,34,1
381,6,1
381,53,1
381,66,1
381,83,1
381,44,1
381,16,1
381,46,1
381,36,1
381,90,1
381,96,1
381,87,1
382,69,1
382,93,1
382,45,1
382,52,1
382,56,1
382,9,1
382,49,1
382,86,1
382,13,1
382,77,1
382,81,1
382,88,1
382,4,1
382,72,1
382,41,1
382,57,1
382,16,1
382,98,1
382,30,1
382,20,1
383,67,1
383,93,1
383,2,1
383,76,1
383,51,1
383,94,1
383,70,1
383,50,1
383,39,1
383,78,1
383,62,1
383,35,1
383,99,1
383,8,1
383,42,1
383,59,1
383,41,1
383,3,1
383,89,1
383,27,1
384,64,1
384,70,1
384,41,1
384,55,1
384,12,1
384,51,1
384,11,1
384,80,1
384,94,1
384,77,1
384,19,1
384,96,1
384,58,1
384,53,1
384,49,1
384,34,1
384,18,1
384,59,1
384,97,1
384,48,1
385,75,1
385,1,1
385,86,1
385,40,1
385,35,1
385,54,1
385,68,1
385,85,1
385,56,1
385,41,1
385,29,1
385,23,1
385,72,1
385,37,1
385,71,1
385,64,1
385,18,1
385,26,1
385,20,1
385,84,1
386,45,1
386,47,1
386,17,1
386,50,1
386,55,1
386,91,1
386,44,1
386,79,1
386,42,1
386,51,1
386,92,1
386,88,1
386,4,1
386,52,1
386,28,1
386,73,1
386,40,1
386,64,1
386,36,1
386,19,1
387,37,1
387,34,1
387,68,1
387,7,1
387,55,1
387,1,1
387,75,1
387,13,1
387,15,1
387,17,1
387,16,1
387,58,1
387,63,1
387,78,1
387,40,1
387,74,1
387,19,1
387,11,1
387,29,1
387,98,1
388,83,1
388,77,1
388,98,1
388,51,1
388,73,1
388,76,1
388,39,1
388,40,1
388,53,1
388,74,1
388,6,1
388,70,1
388,46,1
388,38,1
388,31,1
388,88,1
388,60,1
388,54,1
388,18,1
388,45,1
389,69,1
389,47,1
389,82,1
389,98,1
389,7,1
389,14,1
389,50,1
389,29,1
389,4,1
389,94,1
389,32,1
389,30,1
389,100,1
389,93,1
389,12,1
389,19,1
389,51,1
389,53,1
389,70,1
389,10,1
390,55,1
390,48,1
390,28,1
390,71,1
390,44,1
390,23,1
390,96,1
390,27,1
390,16,1
390,95,1
390,39,1
390,86,1
390,69,1
390,82,1
390,15,1
390,81,1
390,60,1
390,30,1
390,74,1
390,32,1
391,60,1
391,15,1
391,78,1
391,26,1
391,16,1
391,95,1
391,7,1
391,100,1
391,46,1
391,92,1
391,30,1
391,59,1
391,49,1
391,88,1
391,28,1
391,75,1
391,20,1
391,63,1
391,2,1
391,47,1
392,13,1
392,31,1
392,68,1
392,58,1
392,77,1
392,34,1
392,70,1
392,50,1
392,56,1
392,65,1
392,59,1
392,32,1
392,16,1
392,39,1
392,47,1
392,22,1
392,72,1
392,100,1
392,62,1
392,55,1
393,7,1
393,18,1
393,69,1
393,10,1
393,98,1
393,36,1
393,8,1
393,70,1
393,51,1
393,23,1
393,89,1
393,54,1
393,76,1
393,15,1
393,27,1
393,9,1
393,1,1
393,44,1
393,32,1
393,38,1
394,70,1
394,31,1
394,3,1
394,10,1
394,15,1
394,65,1
394,6,1
394,90,1
394,66,1
394,62,1
394,89,1
394,95,1
394,55,1
394,17,1
394,58,1
394,85,1
394,87,1
394,13,1
394,41,1
394,23,1
395,89,1
395,64,1
395,69,1
395,22,1
395,95,1
395,66,1
395,21,1
395,16,1
395,79,1
395,80,1
395,23,1
395,11,1
395,76,1
395,88,1
395,91,1
395,4,1
395,44,1
395,25,1
395,8,1
395,13,1
396,58,1
396,84,1
396,27,1
396,28,1
396,29,1
396,44,1
396,63,1
396,75,1
396,69,1
396,92,1
396,12,1
396,88,1
396,9,1
396,43,1
396,30,1
396,4,1
396,91,1
396,53,1
396,11,1
396,56,1
397,68,1
397,64,1
397,17,1
397,87,1
397,13,1
397,43,1
397,23,1
397,89,1
397,54,1
397,26,1
397,4,1
397,72,1
397,18,1
397,52,1
397,59,1
397,93,1
397,98,1
397,14,1
397,78,1
397,45,1
398,7,1
398,59,1
398,45,1
398,97,1
398,16,1
398,88,1
398,15,1
398,22,1
398,11,1
398,41,1
398,54,1
398,91,1
398,40,1
398,20,1
398,27,1
398,94,1
398,31,1
398,10,1
398,44,1
398,42,1
399,23,1
399,68,1
399,38,1
399,44,1
399,41,1
399,82,1
399,64,1
399,45,1
399,54,1
399,46,1
399,59,1
399,60,1
399,83,1
399,11,1
399,99,1
399,35,1
399,91,1
399,78,1
399,21,1
399,77,1
400,84,1
400,61,1
400,5,1
400,78,1
400,38,1
400,90,1
400,56,1
400,55,1
400,34,1
400,97,1
400,72,1
400,60,1
400,48,1
400,64,1
400,79,1
400,36,1
400,94,1
400,92,1
400,66,1
400,45,1
401,49,1
401,41,1
401,75,1
401,19,1
401,78,1
401,88,1
401,56,1
401,39,1
401,26,1
401,3,1
401,69,1
401,96,1
401,91,1
401,83,1
401,64,1
401,76,1
401,98,1
401,89,1
401,72,1
401,16,1
402,9,1
402,84,1
402,27,1
402,33,1
402,93,1
402,62,1
402,57,1
402,78,1
402,64,1
402,10,1
402,17,1
402,24,1
402,82,1
402,99,1
402,38,1
402,18,1
402,90,1
402,45,1
402,97,1
402,42,1
403,85,1
403,69,1
403,41,1
403,10,1
403,39,1
403,32,1
403,58,1
403,98,1
403,70,1
403,80,1
403,96,1
403,25,1
403,11,1
403,78,1
403,76,1
403,68,1
403,14,1
403,84,1
403,33,1
403,48,1
404,29,1
404,88,1
404,86,1
404,81,1
404,22,1
404,99,1
404,74,1
404,47,1
404,16,1
404,7,1
404,58,1
404,27,1
404,65,1
404,51,1
404,23,1
404,52,1
404,30,1
404,61,1
404,96,1
404,77,1
405,90,1
405,88,1
405,6,1
405,51,1
405,66,1
405,23,1
405,17,1
405,77,1
405,44,1
405,29,1
405,32,1
405,72,1
405,42,1
405,45,1
405,41,1
405,97,1
405,71,1
405,33,1
405,3,1
405,96,1
406,68,1
406,41,1
406,91,1
406,9,1
406,2,1
406,95,1
406,22,1
406,61,1
406,46,1
406,93,1
406,88,1
406,92,1
406,57,1
406,51,1
406,87,1
406,55,1
406,52,1
406,21,1
406,100,1
406,6,1
407,54,1
407,67,1
407,19,1
407,97,1
407,20,1
407,33,1
407,8,1
407,6,1
407,42,1
407,4,1
407,73,1
407,30,1
407,59,1
407,14,1
407,24,1
407,77,1
407,79,1
407,50,1
407,82,1
407,100,1
408,10,1
408,86,1
408,65,1
408,64,1
408,36,1
408,40,1
408,50,1
408,37,1
408,94,1
408,66,1
408,23,1
408,59,1
408,9,1
408,34,1
408,78,1
408,48,1
408,77,1
408,28,1
408,17,1
408,62,1
409,77,1
409,12,1
409,7,1
409,75,1
409,24,1
409,38,1
409,30,1
409,17,1
409,66,1
409,82,1
409,73,1
409,53,1
409,13,1
409,18,1
409,59,1
409,68,1
409,45,1
409,79,1
409,39,1
409,16,1
410,84,1
410,28,1
410,20,1
410,86,1
410,7,1
410,6,1
410,100,1
410,70,1
410,83,1
410,42,1
410,31,1
410,97,1
410,95,1
410,8,1
410,59,1
410,9,1
410,94,1
410,1,1
410,53,1
410,69,1
411,49,1
411,18,1
411,94,1
411,51,1
411,13,1
411,50,1
411,46,1
411,83,1
411,95,1
411,32,1
411,64,1
411,58,1
411,77,1
411,69,1
411,26,1
411,17,1
411,20,1
411,38,1
411,21,1
411,44,1
412,87,1
412,18,1
412,79,1
412,61,1
412,65,1
412,5,1
412,64,1
412,85,1
412,14,1
412,77,1
412,60,1
412,43,1
412,92,1
412,41,1
412,89,1
412,50,1
412,32,1
412,70,1
412,23,1
412,39,1
413,79,1
413,85,1
413,76,1
413,10,1
413,69,1
413,74,1
413,57,1
413,91,1
413,100,1
413,96,1
413,93,1
413,59,1
413,1,1
413,26,1
413,77,1
413,48,1
413,50,1
413,7,1
413,86,1
413,97,1
414,25,1
414,69,1
414,57,1
414,74,1
414,82,1
414,45,1
414,23,1
414,19,1
414,9,1
414,61,1
414,55,1
414,62,1
414,76,1
414,28,1
414,68,1
414,79,1
414,47,1
414,20,1
414,15,1
414,14,1
415,7,1
415,53,1
415,3,1
415,33,1
415,46,1
415,36,1
415,47,1
415,62,1
415,91,1
415,32,1
415,93,1
415,44,1
415,27,1
415,28,1
415,100,1
415,78,1
415,83,1
415,57,1
415,21,1
415,39,1
416,27,1
416,2,1
416,63,1
416,43,1
416,49,1
416,40,1
416,59,1
416,16,1
416,51,1
416,22,1
416,72,1
416,31,1
416,85,1
416,86,1
416,39,1
416,84,1
416,89,1
416,11,1
416,9,1
416,48,1
417,56,1
417,83,1
417,52,1
417,72,1
417,48,1
417,14,1
417,69,1
417,2,1
417,25,1
417,62,1
417,29,1
417,82,1
417,33,1
417,20,1
417,44,1
417,50,1
417,97,1
417,99,1
417,23,1
417,93,1
418,1,1
418,69,1
418,76,1
418,80,1
418,90,1
418,16,1
418,72,1
418,40,1
418,10,1
418,51,1
418,42,1
418,89,1
418,67,1
418,7,1
418,99,1
418,33,1
418,64,1
418,78,1
418,2,1
418,34,1
419,75,1
419,84,1
419,88,1
419,55,1
419,64,1
419,26,1
419,74,1
419,27,1
419,34,1
419,23,1
419,36,1
419,70,1
419,57,1
419,51,1
419,40,1
419,32,1
419,31,1
419,9,1
419,16,1
419,39,1
420,43,1
420,54,1
420,47,1
420,76,1
420,12,1
420,40,1
420,89,1
420,60,1
420,68,1
420,24,1
420,91,1
420,11,1
420,10,1
420,63,1
420,55,1
420,36,1
420,35,1
420,72,1
420,29,1
420,53,1
421,26,1
421,80,1
421,30,1
421,31,1
421,37,1
421,52,1
421,84,1
421,88,1
421,7,1
421,41,1
421,6,1
421,1,1
421,20,1
421,75,1
421,38,1
421,13,1
421,100,1
421,73,1
421,18,1
421,83,1
422,99,1
422,24,1
422,95,1
422,80,1
422,35,1
422,51,1
422,77,1
422,69,1
422,30,1
422,47,1
422,86,1
422,59,1
422,44,1
422,62,1
422,90,1
422,73,1
422,45,1
422,56,1
422,7,1
422,72,1
423,63,1
423,78,1
423,4,1
423,73,1
423,84,1
423,81,1
423,26,1
423,99,1
423,69,1
423,79,1
423,11,1
423,33,1
423,31,1
423,44,1
423,80,1
423,8,1
423,59,1
423,67,1
423,40,1
423,97,1
424,21,1
424,14,1
424,33,1
424,57,1
424,37,1
424,55,1
424,1,1
424,23,1
424,80,1
424,86,1
424,49,1
424,10,1
424,6,1
424,41,1
424,15,1
424,34,1
424,76,1
424,98,1
424,66,1
424,58,1
425,84,1
425,31,1
425,53,1
425,54,1
425,95,1
425,55,1
425,41,1
425,16,1
425,44,1
425,7,1
425,27,1
425,80,1
425,13,1
425,5,1
425,11,1
425,71,1
425,82,1
425,83,1
425,24,1
425,19,1
426,29,1
426,18,1
426,23,1
426,66,1
426,40,1
426,72,1
426,93,1
426,91,1
426,59,1
426,97,1
426,35,1
426,55,1
426,2,1
426,95,1
426,96,1
426,77,1
426,39,1
426,7,1
426,5,1
426,86,1
427,74,1
427,36,1
427,39,1
427,73,1
427,3,1
427,99,1
427,52,1
427,6,1
427,34,1
427,35,1
427,91,1
427,43,1
427,12,1
427,41,1
427,58,1
427,17,1
427,76,1
427,94,1
427,65,1
427,71,1
428,70,1
428,63,1
428,30,1
428,41,1
428,53,1
428,36,1
428,44,1
428,79,1
428,12,1
428,48,1
428,27,1
428,64,1
428,69,1
428,38,1
428,22,1
428,85,1
428,10,1
428,93,1
428,54,1
428,46,1
429,11,1
429,25,1
429,47,1
429,20,1
429,6,1
429,63,1
429,89,1
429,32,1
429,1,1
429,72,1
429,93,1
429,23,1
429,17,1
429,2,1
429,44,1
429,26,1
429,21,1
429,37,1
429,28,1
429,90,1
430,34,1
430,47,1
430,4,1
430,59,1
430,35,1
430,73,1
430,56,1
430,64,1
430,98,1
430,74,1
430,62,1
430,40,1
430,82,1
430,52,1
430,57,1
430,76,1
430,3,1
430,16,1
430,28,1
430,12,1
431,5,1
431,96,1
431,38,1
431,84,1
431,62,1
431,94,1
431,34,1
431,32,1
431,28,1
431,18,1
431,88,1
431,98,1
431,7,1
431,9,1
431,39,1
431,43,1
431,75,1
431,63,1
431,51,1
431,33,1
432,69,1
432,29,1
432,70,1
432,74,1
432,37,1
432,94,1
432,75,1
432,81,1
432,46,1
432,82,1
432,33,1
432,39,1
432,79,1
432,31,1
432,50,1
432,25,1
432,3,1
432,11,1
432,34,1
432,40,1
433,82,1
433,93,1
433,87,1
433,23,1
433,41,1
433,83,1
433,34,1
433,44,1
433,33,1
433,76,1
433,35,1
433,49,1
433,11,1
433,98,1
433,1,1
433,3,1
433,77,1
433,53,1
433,39,1
433,55,1
434,2,1
434,49,1
434,50,1
434,32,1
434,61,1
434,78,1
434,21,1
434,46,1
434,73,1
434,45,1
434,40,1
434,28,1
434,67,1
434,43,1
434,3,1
434,62,1
434,84,1
434,80,1
434,8,1
434,94,1
435,85,1
435,36,1
435,45,1
435,41,1
435,54,1
435,81,1
435,97,1
435,50,1
435,31,1
435,78,1
435,7,1
435,34,1
435,40,1
435,61,1
435,84,1
435,38,1
435,19,1
435,59,1
435,72,1
435,60,1
436,2,1
436,90,1
436,60,1
436,99,1
436,20,1
436,76,1
436,7,1
436,16,1
436,81,1
436,37,1
436,62,1
436,32,1
436,30,1
436,96,1
436,15,1
436,92,1
436,68,1
436,42,1
436,89,1
436,13,1
437,49,1
437,72,1
437,95,1
437,17,1
437,7,1
437,12,1
437,19,1
437,91,1
437,100,1
437,41,1
437,50,1
437,76,1
437,62,1
437,57,1
437,92,1
437,13,1
437,48,1
437,53,1
437,42,1
437,37,1
438,73,1
438,56,1
438,90,1
438,18,1
438,14,1
438,5,1
438,97,1
438,24,1
438,15,1
438,3,1
438,84,1
438,8,1
438,37,1
438,65,1
438,67,1
438,35,1
438,82,1
438,33,1
438,77,1
438,29,1
439,87,1
439,9,1
439,40,1
439,92,1
439,25,1
439,56,1
439,3,1
439,84,1
439,15,1
439,80,1
439,99,1
439,20,1
439,91,1
439,36,1
439,75,1
439,94,1
439,48,1
439,45,1
439,72,1
439,71,1
440,81,1
440,31,1
440,25,1
440,100,1
440,44,1
440,27,1
440,32,1
440,95,1
440,39,1
440,63,1
440,14,1
440,3,1
440,66,1
440,71,1
440,57,1
440,13,1
440,80,1
440,96,1
440,7,1
440,87,1
441,22,1
441,20,1
441,1,1
441,97,1
441,49,1
441,32,1
441,11,1
441,87,1
441,76,1
441,96,1
441,73,1
441,36,1
441,70,1
441,84,1
441,33,1
441,28,1
441,18,1
441,69,1
441,57,1
441,60,1
442,54,1
442,58,1
442,77,1
442,90,1
442,81,1
442,40,1
442,94,1
442,24,1
442,75,1
442,34,1
442,36,1
442,97,1
442,84,1
442,55,1
442,23,1
442,56,1
442,78,1
442,80,1
442,61,1
442,6,1
443,75,1
443,47,1
443,65,1
443,40,1
443,84,1
443,36,1
443,20,1
443,28,1
443,58,1
443,81,1
443,99,1
443,43,1
443,54,1
443,3,1
443,6,1
443,73,1
443,27,1
443,66,1
443,72,1
443,50,1
444,82,1
444,8,1
444,71,1
444,54,1
444,58,1
444,85,1
444,46,1
444,93,1
444,11,1
444,49,1
444,21,1
444,59,1
444,91,1
444,31,1
444,6,1
444,14,1
444,32,1
444,22,1
444,74,1
444,23,1
445,68,1
445,31,1
445,100,1
445,28,1
445,91,1
445,43,1
445,48,1
445,77,1
445,27,1
445,44,1
445,51,1
445,64,1
445,9,1
445,45,1
445,95,1
445,24,1
445,50,1
445,10,1
445,75,1
445,80,1
446,63,1
446,92,1
446,8,1
446,91,1
446,64,1
446,31,1
446,22,1
446,57,1
446,73,1
446,95,1
446,69,1
446,55,1
446,50,1
446,26,1
446,13,1
446,42,1
446,72,1
446,32,1
446,29,1
446,15,1
447,23,1
447,36,1
447,40,1
447,81,1
447,79,1
447,11,1
447,74,1
447,56,1
447,52,1
447,48,1
447,4,1
447,53,1
447,37,1
447,27,1
447,3,1
447,43,1
447,64,1
447,83,1
447,45,1
447,50,1
448,78,1
448,24,1
448,91,1
448,75,1
448,37,1
448,47,1
448,94,1
448,39,1
448,57,1
448,72,1
448,67,1
448,15,1
448,9,1
448,42,1
448,56,1
448,5,1
448,43,1
448,45,1
448,29,1
448,30,1
449,2,1
449,80,1
449,52,1
449,86,1
449,82,1
449,39,1
449,15,1
449,4,1
449,76,1
449,67,1
449,88,1
449,53,1
449,37,1
449,47,1
449,99,1
449,71,1
449,77,1
449,34,1
449,78,1
449,60,1
450,97,1
450,21,1
450,78,1
450,52,1
450,98,1
450,6,1
450,19,1
450,61,1
450,12,1
450,64,1
450,42,1
450,85,1
450,5,1
450,66,1
450,22,1
450,48,1
450,89,1
450,1,1
450,9,1
450,29,1
451,52,1
451,84,1
451,60,1
451,94,1
451,70,1
451,6,1
451,54,1
451,27,1
451,22,1
451,36,1
451,53,1
451,82,1
451,93,1
451,45,1
451,98,1
451,87,1
451,69,1
451,96,1
451,33,1
451,38,1
452,61,1
452,15,1
452,25,1
452,96,1
452,33,1
452,64,1
452,1,1
452,72,1
452,89,1
452,18,1
452,68,1
452,26,1
452,56,1
452,23,1
452,59,1
452,13,1
452,63,1
452,6,1
452,62,1
452,55,1
453,23,1
453,10,1
453,75,1
453,64,1
453,33,1
453,7,1
453,54,1
453,92,1
453,60,1
453,17,1
453,66,1
453,90,1
453,79,1
453,93,1
453,15,1
453,100,1
453,99,1
453,95,1
453,67,1
453,9,1
454,92,1
454,83,1
454,72,1
454,48,1
454,97,1
454,59,1
454,27,1
454,29,1
454,52,1
454,37,1
454,34,1
454,46,1
454,100,1
454,85,1
454,68,1
454,36,1
454,88,1
454,24,1
454,65,1
454,35,1
455,11,1
455,77,1
455,55,1
455,23,1
455,89,1
455,42,1
455,90,1
455,54,1
455,47,1
455,45,1
455,84,1
455,63,1
455,49,1
455,10,1
455,66,1
455,80,1
455,83,1
455,97,1
455,19,1
455,26,1
456,59,1
456,12,1
456,17,1
456,87,1
456,86,1
456,22,1
456,64,1
456,7,1
456,81,1
456,48,1
456,19,1
456,18,1
456,32,1
456,89,1
456,73,1
456,21,1
456,57,1
456,44,1
456,5,1
456,72,1
457,88,1
457,48,1
457,68,1
457,89,1
457,99,1
457,28,1
457,98,1
457,55,1
457,77,1
457,100,1
457,75,1
457,63,1
457,79,1
457,83,1
457,85,1
457,74,1
457,46,1
457,12,1
457,34,1
457,36,1
458,22,1
458,52,1
458,82,1
458,8,1
458,40,1
458,35,1
458,76,1
458,59,1
458,89,1
458,91,1
458,51,1
458,78,1
458,13,1
458,95,1
458,44,1
458,21,1
458,69,1
458,25,1
458,67,1
458,30,1
459,2,1
459,43,1
459,74,1
459,31,1
459,55,1
459,90,1
459,72,1
459,15,1
459,5,1
459,48,1
459,23,1
459,38,1
459,16,1
459,93,1
459,4,1
459,53,1
459,58,1
459,95,1
459,84,1
459,35,1
460,82,1
460,23,1
460,58,1
460,61,1
460,36,1
460,41,1
460,92,1
460,49,1
460,80,1
460,20,1
460,6,1
460,43,1
460,66,1
460,70,1
460,73,1
460,59,1
460,95,1
460,48,1
460,46,1
460,47,1
461,35,1
461,29,1
461,16,1
461,42,1
461,82,1
461,93,1
461,21,1
461,14,1
461,72,1
461,81,1
461,88,1
461,86,1
461,8,1
461,70,1
461,11,1
461,1,1
461,80,1
461,13,1
461,20,1
461,99,1
462,27,1
462,16,1
462,24,1
462,67,1
462,96,1
462,86,1
462,82,1
462,19,1
462,48,1
462,12,1
462,66,1
462,44,1
462,10,1
462,75,1
462,29,1
462,74,1
462,1,1
462,51,1
462,4,1
462,56,1
463,97,1
463,82,1
463,43,1
463,37,1
463,46,1
463,20,1
463,3,1
463,96,1
463,84,1
463,78,1
463,18,1
463,99,1
463,39,1
463,93,1
463,42,1
463,26,1
463,79,1
463,13,1
463,76,1
463,61,1
464,11,1
464,53,1
464,17,1
464,87,1
464,69,1
464,57,1
464,93,1
464,97,1
464,14,1
464,35,1
464,44,1
464,32,1
464,1,1
464,26,1
464,38,1
464,76,1
464,27,1
464,28,1
464,19,1
464,20,1
465,13,1
465,5,1
465,7,1
465,8,1
465,97,1
465,26,1
465,52,1
465,84,1
465,89,1
465,93,1
465,76,1
465,96,1
465,53,1
465,75,1
465,55,1
465,73,1
465,87,1
465,34,1
465,86,1
465,69,1
466,100,1
466,79,1
466,26,1
466,39,1
466,81,1
466,63,1
466,7,1
466,99,1
466,73,1
466,6,1
466,50,1
466,59,1
466,14,1
466,78,1
466,52,1
466,70,1
466,25,1
466,4,1
466,68,1
466,67,1
467,91,1
467,65,1
467,38,1
467,69,1
467,10,1
467,18,1
467,27,1
467,98,1
467,4,1
467,93,1
467,14,1
467,56,1
467,33,1
467,78,1
467,36,1
467,64,1
467,37,1
467,22,1
467,34,1
467,63,1
468,37,1
468,56,1
468,64,1
468,52,1
468,84,1
468,75,1
468,54,1
468,68,1
468,32,1
468,40,1
468,94,1
468,63,1
468,31,1
468,19,1
468,24,1
468,47,1
468,69,1
468,25,1
468,33,1
468,59,1
469,1,1
469,67,1
469,30,1
469,96,1
469,63,1
469,90,1
469,5,1
469,3,1
469,40,1
469,38,1
469,23,1
469,79,1
469,64,1
469,81,1
469,35,1
469,75,1
469,26,1
469,89,1
469,16,1
469,45,1
470,73,1
470,87,1
470,50,1
470,11,1
470,69,1
470,77,1
470,8,1
470,52,1
470,36,1
470,53,1
470,70,1
470,99,1
470,10,1
470,64,1
470,58,1
470,17,1
470,32,1
470,25,1
470,82,1
470,12,1
471,32,1
471,16,1
471,75,1
471,79,1
471,45,1
471,61,1
471,85,1
471,37,1
471,22,1
471,27,1
471,99,1
471,41,1
471,69,1
471,62,1
471,64,1
471,93,1
471,2,1
471,29,1
471,34,1
471,89,1
472,41,1
472,94,1
472,13,1
472,21,1
472,3,1
472,12,1
472,30,1
472,88,1
472,35,1
472,38,1
472,66,1
472,43,1
472,55,1
472,53,1
472,50,1
472,25,1
472,87,1
472,81,1
472,52,1
472,26,1
473,9,1
473,20,1
473,80,1
473,70,1
473,51,1
473,56,1
473,29,1
473,59,1
473,10,1
473,85,1
473,88,1
473,76,1
473,1,1
473,26,1
473,21,1
473,75,1
473,86,1
473,95,1
473,93,1
473,67,1
474,85,1
474,86,1
474,78,1
474,74,1
474,25,1
474,12,1
474,84,1
474,13,1
474,14,1
474,51,1
474,92,1
474,87,1
474,2,1
474,9,1
474,53,1
474,73,1
474,26,1
474,58,1
474,41,1
474,70,1
475,39,1
475,28,1
475,40,1
475,50,1
475,88,1
475,11,1
475,81,1
475,55,1
475,1,1
475,18,1
475,58,1
475,30,1
475,92,1
475,6,1
475,38,1
475,29,1
475,36,1
475,10,1
475,87,1
475,100,1
476,28,1
476,56,1
476,19,1
476,81,1
476,99,1
476,42,1
476,23,1
476,58,1
476,8,1
476,79,1
476,91,1
476,36,1
476,88,1
476,32,1
476,95,1
476,76,1
476,2,1
476,71,1
476,89,1
476,83,1
477,4,1
477,15,1
477,9,1
477,2,1
477,51,1
477,50,1
477,24,1
477,88,1
477,26,1
477,49,1
477,23,1
477,29,1
477,22,1
477,36,1
477,81,1
477,62,1
477,53,1
477,11,1
477,77,1
477,18,1
478,7,1
478,27,1
478,20,1
478,1,1
478,66,1
478,35,1
478,58,1
478,26,1
478,30,1
478,38,1
478,45,1
478,79,1
478,90,1
478,3,1
478,85,1
478,64,1
478,57,1
478,71,1
478,11,1
478,65,1
479,51,1
479,37,1
479,3,1
479,68,1
479,90,1
479,64,1
479,93,1
479,58,1
479,92,1
479,30,1
479,21,1
479,52,1
479,36,1
479,11,1
479,19,1
479,76,1
479,28,1
479,39,1
479,41,1
479,60,1
480,5,1
480,66,1
480,21,1
480,42,1
480,54,1
480,47,1
480,11,1
480,65,1
480,99,1
480,31,1
480,3,1
480,45,1
480,32,1
480,1,1
480,91,1
480,50,1
480,85,1
480,95,1
480,75,1
480,56,1
481,97,1
481,72,1
481,3,1
481,89,1
481,29,1
481,56,1
481,48,1
481,58,1
481,9,1
481,90,1
481,68,1
481,8,1
481,81,1
481,77,1
481,12,1
481,64,1
481,55,1
481,94,1
481,78,1
481,70,1
482,85,1
482,50,1
482,10,1
482,98,1
482,87,1
482,6,1
482,23,1
482,53,1
482,8,1
482,79,1
482,18,1
482,15,1
482,2,1
482,37,1
482,71,1
482,47,1
482,62,1
482,28,1
482,11,1
482,40,1
483,99,1
483,50,1
483,13,1
483,43,1
483,29,1
483,16,1
483,77,1
483,74,1
483,31,1
483,51,1
483,69,1
483,63,1
483,96,1
483,48,1
483,88,1
483,35,1
483,89,1
483,18,1
483,94,1
483,56,1
484,30,1
484,14,1
484,13,1
484,66,1
484,74,1
484,25,1
484,80,1
484,55,1
484,5,1
484,69,1
484,11,1
484,60,1
484,42,1
484,53,1
484,41,1
484,32,1
484,71,1
484,17,1
484,4,1
484,93,1
485,57,1
485,20,1
485,94,1
485,98,1
485,3,1
485,48,1
485,44,1
485,56,1
485,4,1
485,35,1
485,75,1
485,41,1
485,68,1
485,32,1
485,19,1
485,47,1
485,29,1
485,31,1
485,50,1
485,46,1
486,81,1
486,50,1
486,63,1
486,64,1
486,89,1
486,67,1
486,20,1
486,44,1
486,35,1
486,52,1
486,94,1
486,46,1
486,71,1
486,48,1
486,11,1
486,61,1
486,65,1
486,75,1
486,59,1
486,27,1
487,93,1
487,76,1
487,46,1
487,16,1
487,57,1
487,66,1
487,33,1
487,49,1
487,90,1
487,7,1
487,12,1
487,5,1
487,38,1
487,72,1
487,40,1
487,13,1
487,96,1
487,43,1
487,22,1
487,70,1
488,15,1
488,67,1
488,87,1
488,23,1
488,28,1
488,6,1
488,96,1
488,47,1
488,65,1
488,97,1
488,41,1
488,64,1
488,68,1
488,18,1
488,22,1
488,90,1
488,99,1
488,60,1
488,70,1
488,24,1
489,2,1
489,85,1
489,79,1
489,50,1
489,72,1
489,25,1
489,9,1
489,61,1
489,94,1
489,34,1
489,96,1
489,3,1
489,37,1
489,31,1
489,76,1
489,54,1
489,56,1
489,86,1
489,18,1
489,33,1
490,38,1
490,8,1
490,32,1
490,70,1
490,17,1
490,93,1
490,47,1
490,41,1
490,86,1
490,51,1
490,50,1
490,45,1
490,71,1
490,55,1
490,28,1
490,16,1
490,99,1
490,67,1
490,33,1
490,37,1
491,13,1
491,95,1
491,16,1
491,7,1
491,39,1
491,37,1
491,69,1
491,28,1
491,59,1
491,75,1
491,85,1
491,12,1
491,44,1
491,8,1
491,82,1
491,57,1
491,77,1
491,83,1
491,100,1
491,64,1
492,15,1
492,44,1
492,52,1
492,12,1
492,48,1
492,65,1
492,28,1
492,36,1
492,73,1
492,2,1
492,11,1
492,1,1
492,71,1
492,77,1
492,100,1
492,91,1
492,39,1
492,94,1
492,99,1
492,96,1
493,1,1
493,26,1
493,42,1
493,23,1
493,31,1
493,99,1
493,25,1
493,33,1
493,55,1
493,73,1
493,63,1
493,51,1
493,78,1
493,60,1
493,24,1
493,45,1
493,16,1
493,8,1
493,36,1
493,13,1
494,6,1
494,86,1
494,61,1
494,89,1
494,64,1
494,13,1
494,15,1
494,96,1
494,41,1
494,17,1
494,85,1
494,74,1
494,9,1
494,71,1
494,12,1
494,36,1
494,65,1
494,56,1
494,49,1
494,55,1
495,69,1
495,99,1
495,62,1
495,73,1
495,86,1
495,27,1
495,49,1
495,93,1
495,56,1
495,100,1
495,40,1
495,3,1
495,39,1
495,55,1
495,94,1
495,87,1
495,29,1
495,77,1
495,12,1
495,25,1
496,10,1
496,99,1
496,2,1
496,66,1
496,14,1
496,18,1
496,1,1
496,68,1
496,84,1
496,35,1
496,81,1
496,34,1
496,94,1
496,56,1
496,64,1
496,70,1
496,33,1
496,43,1
496,97,1
496,93,1
497,8,1
497,37,1
497,15,1
497,20,1
497,83,1
497,16,1
497,34,1
497,26,1
497,5,1
497,80,1
497,25,1
497,68,1
497,3,1
497,46,1
497,35,1
497,51,1
497,72,1
497,24,1
497,4,1
497,88,1
498,23,1
498,26,1
498,28,1
498,86,1
498,8,1
498,12,1
498,24,1
498,46,1
498,51,1
498,77,1
498,15,1
498,47,1
498,62,1
498,9,1
498,56,1
498,82,1
498,67,1
498,32,1
498,64,1
498,84,1
499,16,1
499,31,1
499,81,1
499,85,1
499,49,1
499,30,1
499,98,1
499,54,1
499,2,1
499,12,1
499,73,1
499,64,1
499,34,1
499,4,1
499,27,1
499,44,1
499,17,1
499,57,1
499,88,1
499,23,1
500,34,1
500,69,1
500,51,1
500,73,1
500,18,1
500,46,1
500,57,1
500,28,1
500,26,1
500,82,1
500,47,1
500,55,1
500,95,1
500,25,1
500,27,1
500,63,1
500,80,1
500,76,1
500,39,1
500,52,1
